Country Name,Country Code,Indicator Name,Indicator Code,1960,1961,1962,1963,1964,1965,1966,1967,1968,1969,1970,1971,1972,1973,1974,1975,1976,1977,1978,1979,1980,1981,1982,1983,1984,1985,1986,1987,1988,1989,1990,1991,1992,1993,1994,1995,1996,1997,1998,1999,2000,2001,2002,2003,2004,2005,2006,2007,2008,2009,2010,2011,2012,2013,2014
阿鲁巴,ABW,石油发电量（占总发电量的比例）,EG.ELC.PETR.ZS,,,,,,,,,,,,,,,,,,,,,,,,,,,,,,,,,,,,,,,,,,,,,,,,,,,,,,,
安道尔共和国,AND,石油发电量（占总发电量的比例）,EG.ELC.PETR.ZS,,,,,,,,,,,,,,,,,,,,,,,,,,,,,,,,,,,,,,,,,,,,,,,,,,,,,,,
阿富汗,AFG,石油发电量（占总发电量的比例）,EG.ELC.PETR.ZS,,,,,,,,,,,,,,,,,,,,,,,,,,,,,,,,,,,,,,,,,,,,,,,,,,,,,,,
安哥拉,AGO,石油发电量（占总发电量的比例）,EG.ELC.PETR.ZS,,,,,,,,,,,,18.46361186,18.85441527,17.27642276,30.18714402,27.20306513,26.83760684,26.83760684,9.743589744,11.9047619,11.85185185,11.85185185,12.36111111,26.18135377,10.29850746,13.02729529,13.02729529,13.45679012,13.98773006,13.30891331,13.79310345,17.34475375,11.29883844,6.315789474,6.282722513,6.25,10.01945525,23.64746946,19.57511381,33.03370787,36.88581315,37.91208791,35.2407932,37.79448622,21.59498208,20.35175879,19.38898972,22.3811004,24.59095284,34.65681098,32.04257662,29.09219607,,,
阿尔巴尼亚,ALB,石油发电量（占总发电量的比例）,EG.ELC.PETR.ZS,,,,,,,,,,,,42.85714286,37.93103448,33.78378378,31.57894737,28.08988764,25.49019608,23.47826087,22.58064516,21.16788321,20.59219381,18.66666667,16.99867198,15.34391534,26.31154157,32.3164919,20.46611829,23.77701934,26.22991968,25.34562212,10.94434021,6.236673774,3.902293715,4.824813326,3.406762295,4.757589488,3.374957813,3.009259259,2.900552486,2.09375579,3.03925707,3.710725894,4.720564297,2.143429487,2.497324295,1.286055484,1.683562636,2.517482517,0,0.019204916,0.013192612,0.024044241,,,
阿拉伯联盟国家,ARB,石油发电量（占总发电量的比例）,EG.ELC.PETR.ZS,,,,,,,,,,,,44.38172204,42.38536235,42.89526797,41.46926112,42.583731,39.76576823,42.0544638,42.52163718,43.79041717,38.56643171,42.70290667,47.17195634,48.65964836,48.87401116,48.88782504,49.08006726,48.73083886,48.31781542,46.43930119,36.53001496,37.2720084,36.56221663,33.15527122,32.62453691,32.15080166,31.63890012,33.06853924,35.12587442,34.82686046,35.06639857,32.48746187,33.69932998,33.05388298,32.03092387,28.87357437,27.97806933,29.0880433,29.13977933,26.2117904,23.69867903,23.35738971,,,
阿拉伯联合酋长国,ARE,石油发电量（占总发电量的比例）,EG.ELC.PETR.ZS,,,,,,,,,,,,0,0,0,0,0,0,3.72250423,3.719447396,3.70667201,3.710751665,3.741685144,3.712843522,3.717582092,3.718181818,3.708333333,3.73029499,3.712381929,3.71967655,3.708685626,3.711943794,3.70583828,3.702712826,3.709157846,3.711661611,3.10623649,3.371970495,4.133802817,3.653569717,3.388460917,3.09182856,2.800426202,2.76592112,2.746208291,2.337028063,2.136808462,2.033908459,1.86450477,1.702990958,1.671579831,1.680173543,1.698659431,,,
阿根廷,ARG,石油发电量（占总发电量的比例）,EG.ELC.PETR.ZS,,,,,,,,,,,,67.20707755,68.14589425,61.64810022,52.36851521,46.38925809,46.9618745,50.52293833,45.80965484,42.7725087,31.6400544,29.99304822,23.43428772,22.38681022,19.39910154,12.60355683,16.10105504,19.38930418,16.57160357,14.27609828,9.753646039,14.22896891,13.72380594,11.60029882,7.255445166,6.929791838,6.71009959,2.8355649,5.173415481,4.786996073,3.243729614,1.114131943,0.899898169,1.098578693,4.032427144,5.447858111,8.337915366,10.70950991,11.81869017,11.71023384,13.30321005,15.12176296,,,
亚美尼亚,ARM,石油发电量（占总发电量的比例）,EG.ELC.PETR.ZS,,,,,,,,,,,,,,,,,,,,,,,,,,,,,,,68.58714534,55.69567045,43.31408263,8.673550437,11.2407211,7.64251034,2.043772127,0.315143473,0,0,0,0,0,0,0,0,0,0,0,0,0,0,,,
美属萨摩亚,ASM,石油发电量（占总发电量的比例）,EG.ELC.PETR.ZS,,,,,,,,,,,,,,,,,,,,,,,,,,,,,,,,,,,,,,,,,,,,,,,,,,,,,,,
安提瓜和巴布达,ATG,石油发电量（占总发电量的比例）,EG.ELC.PETR.ZS,,,,,,,,,,,,,,,,,,,,,,,,,,,,,,,,,,,,,,,,,,,,,,,,,,,,,,,
澳大利亚,AUS,石油发电量（占总发电量的比例）,EG.ELC.PETR.ZS,5.524733088,5.646630237,3.181392317,2.928503615,3.83882206,3.562356176,3.7914165,3.984790484,4.372395958,4.867673822,4.63943622,3.370722971,3.26718601,2.605145084,7.417783716,6.554859403,6.627657346,6.110053705,6.210224491,5.900069503,5.42768339,5.391945836,5.675538487,5.487267455,4.982780887,3.900217282,3.00780066,2.128144887,1.767249483,2.055995975,2.302203037,2.169469004,1.484358307,1.483128722,1.387817119,1.584444895,1.582287407,1.191134672,0.933755173,0.849101544,0.850074334,0.911421756,1.075741716,0.74851851,0.605062663,1.244159109,1.313991561,1.190642774,1.669464192,1.684855601,1.728631097,1.624487275,1.415206533,,
奥地利,AUT,石油发电量（占总发电量的比例）,EG.ELC.PETR.ZS,4.28053361,5.406408512,8.312094532,10.54842866,11.9119421,10.01281347,7.820801632,8.935676393,9.848216046,11.35233101,7.028710726,12.30054606,14.63439931,14.06391512,9.190240982,11.16136604,15.45616352,11.91330904,13.16187595,12.65019778,13.95673077,7.49893481,6.859239967,7.431144573,6.170943043,4.787161081,5.323237147,4.262598615,3.215020042,2.827789645,3.813696852,4.443913035,3.982859088,5.316229001,4.998944561,3.836674037,3.60062717,4.293795457,4.981219818,4.434541692,2.842636203,2.977057985,2.385266695,3.203263508,2.937995383,2.561421035,2.642554631,2.053919376,1.92748683,1.713242946,1.871071266,1.626447876,1.152491895,,
阿塞拜疆,AZE,石油发电量（占总发电量的比例）,EG.ELC.PETR.ZS,,,,,,,,,,,,,,,,,,,,,,,,,,,,,,,92.83863165,92.50319829,91.16024895,86.7408535,71.270844,72.28936869,72.41762744,71.2995961,69.41882431,72.15558979,71.95037168,33.75329468,30.9716058,35.69482289,28.26986755,25.67331235,24.8950821,18.2725317,7.951762695,2.634089464,0.122928915,1.665516902,,,
布隆迪,BDI,石油发电量（占总发电量的比例）,EG.ELC.PETR.ZS,,,,,,,,,,,,,,,,,,,,,,,,,,,,,,,,,,,,,,,,,,,,,,,,,,,,,,,
比利时,BEL,石油发电量（占总发电量的比例）,EG.ELC.PETR.ZS,13.23257656,15.23488677,15.28070675,19.63108654,24.75305338,26.2119162,29.43306252,33.89894897,40.08314437,47.30670324,52.0820365,54.13545145,53.16243929,53.7239936,46.97263317,39.29148905,36.28589012,32.11931127,34.47061849,34.73653791,34.67065981,28.29114303,25.05702509,13.18706742,8.243620786,6.651380224,4.336960483,3.592343607,2.660324445,2.5464659,1.869345018,2.565111117,2.160761798,2.105097905,2.267980544,1.786005767,1.716841013,1.82633154,3.143466342,1.241513327,0.962874367,2.116563637,1.200904385,1.205107646,1.986888433,2.030125191,1.632522407,0.928866851,0.485744709,0.311817898,0.433002005,0.32581341,0.108706905,,
贝宁,BEN,石油发电量（占总发电量的比例）,EG.ELC.PETR.ZS,,,,,,,,,,,,,,100,100,100,100,100,100,100,100,100,100,100,100,100,100,100,100,100,100,100,100,100,100,100,100,96.61016949,97.46835443,97.22222222,97.61904762,96.96969697,96.82539683,97.5,98.7654321,99.06542056,97.4025974,98.63636364,98.68995633,99.21875,99.33333333,99.35064935,,,
布基纳法索,BFA,石油发电量（占总发电量的比例）,EG.ELC.PETR.ZS,,,,,,,,,,,,,,,,,,,,,,,,,,,,,,,,,,,,,,,,,,,,,,,,,,,,,,,
孟加拉国,BGD,石油发电量（占总发电量的比例）,EG.ELC.PETR.ZS,,,,,,,,,,,,43.10679612,43.10679612,41.73789174,35.95868302,32.63675476,32.78688525,30.86866598,33.84407391,29.93338884,26.60433489,26.07062359,24.86824769,18.40955433,18.53252648,19.43462898,27.45833333,15.05280115,12.09295215,8.19395643,4.306777031,1.76541717,4.452439847,6.789050619,6.704824203,8.532296872,6.458079135,9.428234104,8.702064897,9.266435986,6.51829307,6.738730451,6.73988749,6.742086039,5.862096905,5.769812462,5.552546046,5.298120022,5.067163962,4.921423774,4.703907936,4.768389279,,,
保加利亚,BGR,石油发电量（占总发电量的比例）,EG.ELC.PETR.ZS,,,,,,,,,,,,8.16996574,9.204795474,11.01748952,16.65351223,15.2870785,18.61102101,21.28912824,26.13044583,23.42436975,22.49174681,19.75819539,18.86354087,18.19546051,18.63583453,18.81725596,17.87422286,14.94950889,2.72317363,4.128316188,2.918772692,3.308697567,3.406346532,4.326657368,4.264023287,3.453061811,3.12529263,2.172637902,2.181616566,2.438254557,1.626236284,1.329994946,1.96827053,1.864014364,1.984261092,1.378149732,0.832930421,1.322868389,0.621299121,0.773931715,0.854032205,0.273874018,,,
巴林,BHR,石油发电量（占总发电量的比例）,EG.ELC.PETR.ZS,,,,,,,,,,,,0,0,0,0,0,0,0,0,0,0,0,0,0,0,0,0,0,0,0,0,0,0,0,0,0,0,0,0,0,0,0,0,0,0,0,5.274499743,2.319398607,0.041900612,0,0,0,,,
巴哈马,BHS,石油发电量（占总发电量的比例）,EG.ELC.PETR.ZS,,,,,,,,,,,,,,,,,,,,,,,,,,,,,,,,,,,,,,,,,,,,,,,,,,,,,,,
波斯尼亚和黑塞哥维那,BIH,石油发电量（占总发电量的比例）,EG.ELC.PETR.ZS,,,,,,,,,,,,,,,,,,,,,,,,,,,,,,,7.340076545,0,0,0,0.848256362,0.81799591,0.490463215,0.410724472,0.462707943,0.413630097,0.460255058,0.864824215,1.261010663,1.216048287,1.037083595,1.118870021,1.194680292,1.323828921,0,0.210620373,0.280308339,0.248691099,,,
白俄罗斯,BLR,石油发电量（占总发电量的比例）,EG.ELC.PETR.ZS,,,,,,,,,,,,,,,,,,,,,,,,,,,,,,,47.81409705,48.07538402,30.97486368,27.99304744,27.93260503,28.08812906,19.55074174,13.40138926,13.24280606,12.07949917,6.566798207,5.809360412,5.121711521,4.078566868,4.854213393,2.942411421,4.608468769,0.546671275,2.736247432,17.63234132,2.043272675,1.059269384,,,
伯利兹,BLZ,石油发电量（占总发电量的比例）,EG.ELC.PETR.ZS,,,,,,,,,,,,,,,,,,,,,,,,,,,,,,,,,,,,,,,,,,,,,,,,,,,,,,,
百慕大,BMU,石油发电量（占总发电量的比例）,EG.ELC.PETR.ZS,,,,,,,,,,,,,,,,,,,,,,,,,,,,,,,,,,,,,,,,,,,,,,,,,,,,,,,
玻利维亚,BOL,石油发电量（占总发电量的比例）,EG.ELC.PETR.ZS,,,,,,,,,,,,10,11.73874669,11.61400512,11.94029851,11.58129176,11.28133705,10.44025157,10.69145845,10.09879254,12.72390364,13.92896781,10.47058824,11.61070006,13.08203991,10.97972973,11.15342764,8.596300326,6.060606061,5.963740458,8.610990913,2.943760984,5.431177446,2.036967182,2.018413598,2.219277907,1.575046325,1.152073733,1.913746631,1.906725071,0.773195876,1.180904523,1.218929254,1.315789474,1.260225514,1.307189542,1.660377358,1.76142309,1.684717208,1.69906878,1.935579196,1.592356688,,,
巴西,BRA,石油发电量（占总发电量的比例）,EG.ELC.PETR.ZS,,,,,,,,,,,,11.74315128,6.616978095,7.241182196,5.463192837,5.263757981,5.282507525,4.576774577,4.960569153,4.242950108,3.753022291,3.547465995,2.701067803,2.517046993,1.916516155,2.020838281,5.040370458,3.790371365,3.276156448,2.710779468,2.215679851,2.174265503,2.581784786,2.429993333,2.454997481,2.721688238,3.178406883,3.213174796,3.458296555,4.935527432,4.34753948,4.815103437,3.887800828,2.95192115,3.130186113,2.897529483,2.950848601,2.995190353,3.790378304,3.140351555,3.114591371,2.782468717,,,
巴巴多斯,BRB,石油发电量（占总发电量的比例）,EG.ELC.PETR.ZS,,,,,,,,,,,,,,,,,,,,,,,,,,,,,,,,,,,,,,,,,,,,,,,,,,,,,,,
文莱达鲁萨兰国,BRN,石油发电量（占总发电量的比例）,EG.ELC.PETR.ZS,,,,,,,,,,,,1.6,1.6,0,1.6,1.6,1.6,1.6,1.6,1.6,1.166180758,0.845665962,0.705467372,0.586510264,0.533333333,0.522193211,0.900900901,0.671785029,0.638686131,0.971731449,0.938566553,0.945626478,0.852878465,0.904392765,0.841852075,0.762970498,0.753650495,0.789364354,0.878594249,0.903861956,0.904443571,0.930593253,0.925583117,0.783453463,0.888480392,0.888480392,0.939963614,0.972017673,0.964066608,1.024363234,1.002109705,0.993288591,,,
不丹,BTN,石油发电量（占总发电量的比例）,EG.ELC.PETR.ZS,,,,,,,,,,,,,,,,,,,,,,,,,,,,,,,,,,,,,,,,,,,,,,,,,,,,,,,
博茨瓦纳,BWA,石油发电量（占总发电量的比例）,EG.ELC.PETR.ZS,,,,,,,,,,,,,,,,,,,,,,21.82835821,18.00766284,14.03887689,11.15789474,4.722792608,8.37520938,5.518763797,15.47029703,13.08962264,11.9205298,3.529411765,2.669039146,3.202846975,2.757352941,2.017291066,2.377807133,3.129074316,2.127659574,2.393617021,2.851108765,2.376237624,3.236607143,4.005524862,6.480304956,0.692041522,0.692840647,0.826446281,0,0,0,0,,,
中非共和国,CAF,石油发电量（占总发电量的比例）,EG.ELC.PETR.ZS,,,,,,,,,,,,,,,,,,,,,,,,,,,,,,,,,,,,,,,,,,,,,,,,,,,,,,,
加拿大,CAN,石油发电量（占总发电量的比例）,EG.ELC.PETR.ZS,1.028749806,1.308816514,1.251173237,1.283771299,1.668363636,2.201042098,2.242655721,3.218156981,4.67637657,4.527079581,3.059013326,2.894970541,2.38129096,3.357511265,3.628026736,3.683412733,4.417208772,4.277915448,4.481098374,4.101807246,3.696440722,2.647390258,2.803415008,2.115832577,1.430173223,1.476766585,1.316177067,2.027413712,2.341065717,3.638656976,3.416306912,2.779957558,2.99723802,2.256646565,1.694521778,1.642128195,1.254954802,1.636157601,2.560674015,2.097090397,1.8297677,2.864457933,2.311206039,3.660807881,3.869370608,2.449072174,1.50807677,1.540973137,1.38031641,1.690404212,1.238592241,1.025471126,1.011534059,,
,CEB,石油发电量（占总发电量的比例）,EG.ELC.PETR.ZS,,,,,,,,,,,,6.474363406,6.549428253,6.934091887,8.291377473,7.353785986,9.360906166,10.89307761,12.32248264,11.51110156,7.716485194,9.081164979,7.360846683,7.417114418,7.284080939,6.113474145,6.503823631,5.917309885,3.702996766,3.912445537,6.495747136,5.95793887,4.862636799,5.451142799,5.113046792,4.829606853,4.844686041,5.236009452,5.188612897,4.672675985,3.188575159,3.8171866,2.935099963,2.927604605,2.046770297,1.914669306,1.824635748,1.782843905,1.576377959,1.837694601,1.38336843,1.094300144,,,
瑞士,CHE,石油发电量（占总发电量的比例）,EG.ELC.PETR.ZS,0.869565217,0.85360257,1.153343295,1.193244132,1.452513966,2.081021088,2.461126194,3.121748179,4.524592298,5.758842116,6.038647343,9.348641801,11.19859469,7.072819621,6.104792194,4.05546895,6.101751275,4.358247984,3.850887574,3.004508963,1.021276596,0.563336806,0.632284604,0.672478207,0.522651599,0.45015035,0.525282538,0.520452419,0.482589899,0.55442892,0.703713132,1.06353057,1.263912469,0.428846059,0.470782447,0.584767137,0.549333333,0.479086348,1.085002568,0.47762585,0.343294417,0.347598475,0.348267066,0.376158292,0.316302084,0.370325506,0.321879778,0.263407439,0.187958709,0.155987521,0.105965879,0.092214255,0.089725675,,
海峡群岛,CHI,石油发电量（占总发电量的比例）,EG.ELC.PETR.ZS,,,,,,,,,,,,,,,,,,,,,,,,,,,,,,,,,,,,,,,,,,,,,,,,,,,,,,,
智利,CHL,石油发电量（占总发电量的比例）,EG.ELC.PETR.ZS,,,,,,,,,,,,25.55138433,24.64741437,20.47684235,18.55437238,15.98717361,16.43850383,15.98813421,16.43822394,16.64271601,14.73917113,13.44965771,12.4926291,9.909695817,7.49796251,5.94017094,5.500542594,4.885847669,4.469405853,7.282016731,9.623339865,6.753168679,4.811519027,5.266008416,5.981722515,3.71427552,7.639996095,6.697300057,5.500014081,8.848658505,4.254204302,2.99781336,3.388976666,4.029554336,5.536244337,6.462922033,4.909616775,25.26961664,26.94961812,20.00757551,14.01528941,9.670841386,9.123345763,,
中国,CHN,石油发电量（占总发电量的比例）,EG.ELC.PETR.ZS,,,,,,,,,,,,7.86632948,13.54790026,18.63729017,17.15343602,20.51419526,26.17535568,21.31698627,20.7755153,24.24436957,25.80680571,24.46826398,21.45385742,19.22689506,17.4215003,13.01273467,11.25753565,10.36016651,10.43414464,9.291735777,7.880342045,7.468700235,6.912595811,7.597801217,5.053828782,5.35345908,4.579751954,4.043064981,4.450035293,3.948988999,3.401101725,3.19543569,2.984613767,3.003486989,3.275248807,2.447634324,1.81139965,1.042067173,0.672344832,0.440775266,0.314985666,0.166613087,,,
科特迪瓦,CIV,石油发电量（占总发电量的比例）,EG.ELC.PETR.ZS,,,,,,,,,,,,76.36054422,67.34104046,78.89447236,67.56440281,60.18711019,69.14798206,82.13998391,88.18953324,59.86805937,22.69868496,8.368644068,11.24807396,49.6128033,75.06684492,23.87892377,35.78721118,51.58766682,46.3003029,27.57837347,33.33333333,30.98514034,43.35135135,49.7714808,50.27530707,34.98473023,8.962553714,9.526172166,11.735455,4.961594353,0.270833333,0.266120778,0.245561012,0.11794771,0.145190563,0.123217743,0.282935455,0.31965903,0.155172414,0.204359673,1.426413828,0.541072307,,,
喀麦隆,CMR,石油发电量（占总发电量的比例）,EG.ELC.PETR.ZS,,,,,,,,,,,,2.697674419,3.766816143,4.472271914,4.570970329,4.779411765,5.279034691,5.769230769,5.833956619,5.695746215,6.056434962,5.185961236,5.121042831,3.465804067,1.714801444,2.171241295,1.89669088,2.272727273,1.944338544,1.588474326,1.520207638,1.439114391,1.278772379,1.059322034,1.176470588,1.149012567,1.13753878,1.150895141,1.641414141,1.244075829,1.091954023,1.89212087,3.575757576,4.234527687,4.622871046,5.794205794,11.18292205,15.98321572,15.34941032,22.18571676,19.71520597,18.31220814,,,
刚果（布）,COG,石油发电量（占总发电量的比例）,EG.ELC.PETR.ZS,,,,,,,,,,,,30.68181818,27.45098039,39.58333333,35.35353535,37.14285714,37.71929825,49.03846154,81.81818182,40.76923077,35.48387097,34.81012658,10.76923077,0.854700855,0.790513834,1.020408163,0.740740741,1.067615658,1.02739726,0.75,0.60851927,0,0.934579439,0.828729282,0.617283951,0.564971751,0.436681223,0.441501104,0.581395349,14.41441441,0.337837838,0,0,0,0,0,0,2.163461538,6.868686869,4.26716141,1.52866242,0.696055684,,,
哥伦比亚,COL,石油发电量（占总发电量的比例）,EG.ELC.PETR.ZS,,,,,,,,,,,,12.60742188,8.34045787,10.57882515,11.71512527,1.894671719,1.962644097,1.926984335,1.641421413,1.852144173,1.834099579,2.204360591,1.36597241,1.043440297,1.039772278,0.957990085,1.053346925,0.942946947,1.020840906,0.780669145,1.042440245,1.097593944,2.164278776,1.343395835,1.009442392,0.594624965,0.601909506,0.627732317,0.400917656,0.275559292,0.234202899,0.2324939,0.208694108,0.25353989,0.229288602,0.226473568,0.219400182,0.273322956,0.269869355,0.563045341,0.883927314,0.820096406,,,
科摩罗,COM,石油发电量（占总发电量的比例）,EG.ELC.PETR.ZS,,,,,,,,,,,,,,,,,,,,,,,,,,,,,,,,,,,,,,,,,,,,,,,,,,,,,,,
佛得角,CPV,石油发电量（占总发电量的比例）,EG.ELC.PETR.ZS,,,,,,,,,,,,,,,,,,,,,,,,,,,,,,,,,,,,,,,,,,,,,,,,,,,,,,,
哥斯达黎加,CRI,石油发电量（占总发电量的比例）,EG.ELC.PETR.ZS,,,,,,,,,,,,9.581881533,12.78610892,15.5159614,14.50953678,14.8922273,11.53612629,23.46590909,22.80519481,18.27741612,4.312668464,2.959830867,2.719155844,2.578397213,1.728073036,1.775568182,1.627670397,3.925949569,4.290635766,2.404692082,2.479815456,5.124223602,17.4267101,10.36237785,10.13843648,16.95786228,9.287796751,3.047585101,8.14705339,2.152451853,0.852724382,1.482579689,1.621047037,2.106534281,0.803408399,3.280871671,6.128550075,7.977900552,7.145118734,4.843733219,6.688230384,8.776568697,,,
加勒比小国,CSS,石油发电量（占总发电量的比例）,EG.ELC.PETR.ZS,,,,,,,,,,,,,,,,,,,,,,,,,,,,,,,,,,,,,,,,,,,,,,,,,,,,,,,
古巴,CUB,石油发电量（占总发电量的比例）,EG.ELC.PETR.ZS,,,,,,,,,,,,81.53386454,86.3541469,86.31744919,84.53231434,83.94049787,83.57192495,85.97014925,85.24281,88.44926611,89.0079087,89.78723404,89.92052023,89.72472299,89.74859653,89.96639069,87.35579842,87.3979254,88.81859442,90.25526609,87.45340788,86.525251,72.56890276,69.28740229,69.35227748,71.28180432,70.20247809,77.88067298,74.48402601,66.78857301,57.06492815,56.71612524,33.87476909,29.07653384,29.41665601,36.84004693,45.33972919,40.93978775,44.13644849,38.61687726,39.52980399,43.31737539,,,
库拉索,CUW,石油发电量（占总发电量的比例）,EG.ELC.PETR.ZS,,,,,,,,,,,,,,,,,,,,,,,,,,,,,,,,,,,,,,,,,,,,,,,,,,,,,,,
开曼群岛,CYM,石油发电量（占总发电量的比例）,EG.ELC.PETR.ZS,,,,,,,,,,,,,,,,,,,,,,,,,,,,,,,,,,,,,,,,,,,,,,,,,,,,,,,
塞浦路斯,CYP,石油发电量（占总发电量的比例）,EG.ELC.PETR.ZS,,,,,,,,,,,,100,100,100,100,100,100,100,100,100,100,100,100,100,100,100,100,100,100,100,100,100,100,100,100,100,100,100,100,100,100,100,100,100,100,99.9771533,99.97850387,99.938411,99.72430091,99.40556088,98.62833521,96.38871982,,,
捷克共和国,CZE,石油发电量（占总发电量的比例）,EG.ELC.PETR.ZS,,,,,,,,,,,,10.83250852,10.21248642,11.29839219,13.1826611,14.14568267,14.59495324,13.98210728,13.61036057,13.82856251,9.554466727,11.69718349,5.568466704,5.164957371,6.366331173,6.486467886,7.200607201,7.225545051,6.848633693,5.634797562,0.867177338,0.880626223,0.890664951,0.637637672,0.840911816,0.980602559,1.143788289,0.981048632,0.953206239,0.665534064,0.510211079,0.519977369,0.505296401,0.444358578,0.415324024,0.39789579,0.308413226,0.131033225,0.157516293,0.190949484,0.186359428,0.114117091,0.090956191,,
德国,DEU,石油发电量（占总发电量的比例）,EG.ELC.PETR.ZS,2.708585658,3.698104247,4.572706544,6.283918689,7.745970799,9.976377264,12.31754045,11.83605163,11.94562212,12.97440031,12.2084004,11.66023426,12.21142532,11.97616147,8.272160957,8.248951195,8.539875612,7.220228469,7.411814078,6.281585977,5.734228245,4.462550536,3.785656759,2.68052264,1.823608547,1.843207315,2.614538158,2.603554981,2.155694752,1.872453565,1.898475304,2.750893014,2.47661485,1.931339919,1.670585771,1.685954198,1.446546248,1.252894559,1.154288301,1.057832394,0.836080956,0.817685938,0.742670383,0.783318898,1.666420155,1.725194722,1.517188126,1.366699177,1.464486519,1.649618272,1.330134879,1.096910954,1.549566655,,
吉布提,DJI,石油发电量（占总发电量的比例）,EG.ELC.PETR.ZS,,,,,,,,,,,,,,,,,,,,,,,,,,,,,,,,,,,,,,,,,,,,,,,,,,,,,,,
多米尼克,DMA,石油发电量（占总发电量的比例）,EG.ELC.PETR.ZS,,,,,,,,,,,,,,,,,,,,,,,,,,,,,,,,,,,,,,,,,,,,,,,,,,,,,,,
丹麦,DNK,石油发电量（占总发电量的比例）,EG.ELC.PETR.ZS,27.92418773,29.64635064,27.27861421,31.50501672,34.8442288,35.71066633,48.3281454,38.31591402,45.10894761,61.09595271,68.67259289,81.27684708,81.13152523,64.07426778,69.0160083,64.92006132,53.40582183,51.88542422,44.48036047,36.74189318,18.00485709,13.78333249,8.336845655,4.594436178,3.744707128,5.026763656,5.006009811,4.035403032,5.183469897,5.359089522,3.39465784,3.146805309,4.014574793,3.726378996,7.474493568,3.871266119,3.280952559,2.213697394,3.395519665,2.82631038,1.93603861,2.31917093,3.683152188,4.620447755,4.045899693,3.793522044,3.549582338,3.276019941,3.061503168,3.215787593,1.98494535,1.285149697,1.226852613,,
多米尼加共和国,DOM,石油发电量（占总发电量的比例）,EG.ELC.PETR.ZS,,,,,,,,,,,,64.88812392,61.41078838,73.06322351,73.22253001,79.23519737,64.50020568,80.80229226,71.32915797,71.48217636,80.57090239,56.51387214,68.43546731,69.69785861,65.87954365,57.94011976,65.19528542,53.48488098,47.22527473,83.90168971,88.7236344,73.83825417,81.70578749,68.18606389,87.06881302,84.55358773,82.40362812,86.47042565,81.25568699,77.55341324,87.90114781,87.94140473,85.71974766,52.28813559,62.02917282,60.85751064,57.03195523,55.07120528,54.71904441,53.84879725,48.66795057,47.58381503,,,
阿尔及利亚,DZA,石油发电量（占总发电量的比例）,EG.ELC.PETR.ZS,,,,,,,,,,,,46.34365186,29.14614122,18.2466144,16.68839635,24.95867769,23.06965762,24.02933563,19.37956204,12.31917872,12.24203285,12.0363547,12.61174968,11.72440791,10.51690216,9.336809516,9.228872968,8.646439239,7.926392668,7.347950927,5.42722305,4.318247334,4.232746363,3.229628103,3.767037167,3.322343393,3.602207805,3.847048425,3.447682916,2.734580119,3.041869983,2.910798122,2.159288194,2.323222076,2.1984,2.114108801,2.129109181,2.134638133,1.96838652,1.576582426,2.107840994,5.497423083,,,
东亚与太平洋,EAP,石油发电量（占总发电量的比例）,EG.ELC.PETR.ZS,,,,,,,,,,,,15.17729653,20.7623124,24.70521017,23.34012564,25.33943882,30.16616737,27.01363966,26.9556156,29.22106009,30.93807129,28.98086521,25.99024227,24.34282947,21.89103572,16.62150732,14.50472243,13.98132655,13.75699576,12.62693307,12.73853773,12.39070872,11.77797224,12.24114494,9.212810673,9.26542203,8.532836538,8.060133892,7.949705345,6.487537218,5.448281278,4.867606428,4.718983795,4.388470671,4.87338138,4.047123217,3.251036119,2.292035492,1.933900738,1.501774192,1.333848032,1.333265506,,,
东亚与太平洋地区（所有收入水平）,EAS,石油发电量（占总发电量的比例）,EG.ELC.PETR.ZS,,,,,,,,,,,,44.47973614,48.67302853,53.55781144,48.590834,47.54921808,49.4264242,48.95538165,45.35170454,42.63781681,39.36352696,37.88500371,34.5160482,31.4368556,26.63736876,21.23066685,19.34713915,18.24423784,19.27982571,19.76587448,15.42103303,15.18340724,14.9117412,13.94164181,12.85600405,12.28495331,11.17169437,10.4947897,9.277288043,8.541251076,8.134987905,7.066463783,6.814876783,6.439530515,6.056131847,5.463044193,4.592830301,4.168167303,3.552395386,2.746719644,2.551269904,2.84191881,,,
欧洲和中亚,ECA,石油发电量（占总发电量的比例）,EG.ELC.PETR.ZS,,,,,,,,,,,,,,,,,,,,,,,,,,,,,,,15.92995906,14.51193997,11.23683781,9.982921509,8.48655341,8.921496531,7.609809313,7.278015044,6.971171003,6.658336067,6.226752813,5.358810088,4.778040383,4.334823497,3.304640424,2.84975305,2.601845534,2.319151913,1.981371227,2.044608304,0.796483857,0.495364964,,,
欧洲与中亚地区（所有收入水平）,ECS,石油发电量（占总发电量的比例）,EG.ELC.PETR.ZS,,,,,,,,,,,,13.27237412,14.53410125,14.83748192,14.05394173,12.2726661,13.04040769,11.27230206,11.81766732,11.33760627,10.58295924,9.189302597,7.867163599,6.596203747,6.824339618,5.282636156,4.918964239,4.735637449,4.25583729,4.824686735,10.30620403,10.11502852,9.351622602,8.177451451,7.759907912,7.904775122,7.187903589,6.680318438,6.830038761,6.089998432,5.213160288,4.765096593,4.948529649,4.419035792,3.775931611,3.527331899,3.37915134,2.755340821,2.587635754,2.507348247,1.866181325,1.940914152,,,
厄瓜多尔,ECU,石油发电量（占总发电量的比例）,EG.ELC.PETR.ZS,,,,,,,,,,,,58.0952381,60.16114593,65.36624204,64.15770609,61.42506143,67.49059645,74.60172963,69.6353167,76.81491171,74.13997628,78.86597938,78.37641942,60.00464792,28.72574956,28.06055287,19.95211492,15.11887073,14.44779294,14.12723176,21.4521972,27.22971035,30.8782657,21.60302253,19.38850688,38.77090995,32.07708779,36.94267516,40.25711662,30.37446643,28.29815303,36.00904977,33.55484522,29.6812749,32.81286413,33.42350227,31.61030943,25.74753916,27.04605299,36.54642546,41.30649095,32.72476068,,,
阿拉伯埃及共和国,EGY,石油发电量（占总发电量的比例）,EG.ELC.PETR.ZS,,,,,,,,,,,,36.97174294,35.85726719,36.39279546,33.18052827,34.56052429,34.38012463,36.05292952,38.48184818,43.2238806,27.74697714,29.8263726,30.5855776,35.09409173,37.62952253,40.71142476,40.6197705,43.18932488,43.23143002,42.53163341,31.69490723,28.25085787,26.2073646,18.77353753,16.40434853,19.1,20.33550961,23.02663107,29.65409904,16.6888094,28.55406114,15.58920295,18.13207759,14.39332654,13.05738457,13.55046462,16.12207232,18.57203366,19.71382784,21.25683453,20.95984196,15.75875238,,,
欧洲货币联盟,EMU,石油发电量（占总发电量的比例）,EG.ELC.PETR.ZS,5.141028277,7.550772621,10.13375717,11.65030518,16.16947821,17.10988431,17.58822962,19.07812478,20.10528687,22.15753662,23.45096553,25.25019969,26.68433507,29.44721698,26.50892221,24.62367553,26.70213581,21.30079888,22.8935873,22.31427952,22.81720532,19.71943415,16.5573902,13.48310501,9.540874295,8.752379771,8.80797189,9.017347254,8.373542219,9.741535682,9.551201226,10.30138585,10.85331183,9.90798568,9.692164024,10.12713929,9.308194728,9.057369614,9.279871357,8.474376179,7.386218627,6.89342378,7.544182381,6.416654296,5.671979948,5.45682447,5.033486666,4.174444299,3.932020628,3.714474861,3.11569311,2.812554124,,,
厄立特里亚,ERI,石油发电量（占总发电量的比例）,EG.ELC.PETR.ZS,,,,,,,,,,,,,,,,,,,,,,,,,,,,,,,,,100,100,100,100,100,99.53271028,99.48717949,99.53271028,99.52380952,99.57081545,99.61389961,99.63898917,99.64664311,99.65277778,99.25650558,99.30555556,99.30313589,99.3220339,99.35691318,99.40652819,,,
西班牙,ESP,石油发电量（占总发电量的比例）,EG.ELC.PETR.ZS,3.164284947,5.388447169,10.87098887,8.236475267,12.15538847,18.06203505,13.58050904,21.09617373,23.83052105,19.97078945,27.22767881,22.23755785,17.36288007,33.18794607,36.03201958,37.47228922,48.24808112,29.13182794,29.34234088,25.37749635,35.19217036,33.09029419,25.82330449,21.14267885,9.733629113,6.167158904,4.82499922,4.85347571,5.005628355,6.207880435,5.690250387,6.562885705,9.144224633,6.140029208,6.531304769,8.830527307,8.029302339,7.456105569,9.048461157,11.87590181,10.21994288,10.56863477,11.9178716,9.327939125,8.616962827,8.436836014,8.061722297,6.131745732,5.788833937,6.592683704,5.551756503,5.110622913,5.336231657,,
爱沙尼亚,EST,石油发电量（占总发电量的比例）,EG.ELC.PETR.ZS,,,,,,,,,,,,,,,,,,,,,,,,,,,,,,,8.279668813,8.538223834,4.584850061,6.909617742,1.429199648,1.172052799,1.082954299,1.911512027,3.01373051,3.586523367,0.658126689,0.470976098,0.313734604,0.391389432,0.407608696,0.313571779,0.308261406,0.278917145,0.349683395,0.512586855,0.316260413,0.33351431,0.484706669,,
埃塞俄比亚,ETH,石油发电量（占总发电量的比例）,EG.ELC.PETR.ZS,,,,,,,,,,,,48.73524452,48.93617021,43.65482234,40.71550256,39.61937716,36.97916667,30.93922652,28.39506173,29.87220447,29.7532656,29.68099861,27.31829574,26.74418605,24.17582418,23.98648649,21.63934426,19.17040359,18.81413911,17.97497156,11.64725458,10.50454921,7.252215955,8.676789588,6.685044797,6.483300589,5.801621959,2.973977695,2.903811252,1.155717762,1.3739546,0.944333996,1.02739726,0.696864111,0.708940528,0.421792619,0.305903946,4.567239921,12.3643103,11.12224449,0.62248996,0.639410967,,,
欧洲联盟,EUU,石油发电量（占总发电量的比例）,EG.ELC.PETR.ZS,7.10340206,8.205315012,9.595813144,10.51380132,13.08759557,13.93186353,14.67184306,15.30958329,16.11639369,18.33805721,20.44063665,22.62080538,24.74430327,25.3422535,24.06073192,21.11723792,22.34823106,19.17999207,20.1853513,19.48852795,18.17328853,15.85892765,13.53482078,11.28164062,11.6626429,8.9413127,8.305642582,8.073613333,7.33897328,8.314272209,8.703412831,8.858781948,9.28507526,8.39550929,8.113382387,8.380365673,7.8766883,7.412970997,7.479324567,6.882804401,5.905429955,5.527809128,5.911918501,5.180221495,4.47220101,4.292222749,4.041930591,3.376068695,3.231794362,3.096258298,2.596425641,2.267137136,,,
,FCS,石油发电量（占总发电量的比例）,EG.ELC.PETR.ZS,,,,,,,,,,,,19.08102394,18.55280354,18.53425349,19.2372665,17.18561039,15.85926069,21.09482963,24.67674585,25.56852128,32.43691973,34.99307821,37.91473612,42.74973148,43.89344871,42.23084603,42.56844782,40.0042544,36.37329996,33.44445294,38.10304751,37.13638839,42.86579912,46.10591605,46.14202873,42.85519449,41.22777761,41.77896582,43.19270963,41.86750184,41.13518346,40.65673665,41.46402323,40.13130463,42.05441173,32.11596754,28.13527714,30.74403287,31.54783334,26.83998563,22.16145427,19.33625235,,,
芬兰,FIN,石油发电量（占总发电量的比例）,EG.ELC.PETR.ZS,9.087739686,6.112702961,4.364669421,10.1564482,12.83418267,11.88936782,14.48097758,11.41408115,17.33766962,22.8539967,27.54763312,23.0339929,25.65543875,31.64508467,22.12732076,18.6695197,24.08819005,18.31832739,14.11060114,11.4542721,10.84251601,6.568236818,4.262295082,2.528615778,2.587939144,2.675195108,2.506799821,2.747088124,2.9975129,2.131296802,3.087702521,1.843548443,2.409701169,2.29538794,2.606999741,2.259701726,1.905640523,1.992020354,1.700229453,1.336078437,0.838954951,0.891478592,1.191540463,1.14930259,0.716524333,0.708496287,0.584440043,0.577252083,0.843287919,0.742416253,0.599990083,0.566132742,0.581197067,,
斐济,FJI,石油发电量（占总发电量的比例）,EG.ELC.PETR.ZS,,,,,,,,,,,,,,,,,,,,,,,,,,,,,,,,,,,,,,,,,,,,,,,,,,,,,,,
法国,FRA,石油发电量（占总发电量的比例）,EG.ELC.PETR.ZS,3.547875671,4.446447349,6.169538977,7.747669629,13.42299551,11.30628169,9.327425483,11.86284072,10.32885558,13.88492872,21.96741633,28.08551868,34.47468181,40.16919806,36.9355676,30.4559241,34.93735943,23.15324305,24.54442946,22.08309595,18.82529886,11.79769981,9.373428904,5.256653767,2.57552231,2.061572774,1.507877739,1.532507,1.442731503,2.906322639,2.077630715,3.118122927,2.025526106,1.296691319,1.183328488,1.577989199,1.529661491,1.542124528,2.29647851,1.908905027,1.336619072,1.091786678,1.041211539,1.263157145,1.147118673,1.386706515,1.252911399,1.092428335,1.029020594,0.908515401,0.986100676,0.617541113,0.580228633,,
法罗群岛,FRO,石油发电量（占总发电量的比例）,EG.ELC.PETR.ZS,,,,,,,,,,,,,,,,,,,,,,,,,,,,,,,,,,,,,,,,,,,,,,,,,,,,,,,
密克罗尼西亚联邦,FSM,石油发电量（占总发电量的比例）,EG.ELC.PETR.ZS,,,,,,,,,,,,,,,,,,,,,,,,,,,,,,,,,,,,,,,,,,,,,,,,,,,,,,,
加蓬,GAB,石油发电量（占总发电量的比例）,EG.ELC.PETR.ZS,,,,,,,,,,,,100,96.26865672,96.96969697,48.1865285,43.47826087,50.6097561,32.05417607,32.11009174,40.38461538,50.94339623,30.75630252,26.98650675,24.96570645,23.27044025,22.53193961,21.95945946,22.01117318,22.08791209,11.41552511,11.24744376,10.55837563,10.37260826,10.91091091,6.660412758,7.638279192,15.98023064,15.68471338,20.25316456,18.37349398,20.53231939,18.6416185,19.18367347,22.05298013,24.60835509,31.06546855,26.48125756,37.70869315,26.76822633,18.40128755,19.80572045,20.74618428,,,
英国,GBR,石油发电量（占总发电量的比例）,EG.ELC.PETR.ZS,15.0380546,15.42840896,15.34619189,14.5405514,14.94281751,15.63680029,15.80400379,15.87729104,14.83893863,14.34252063,18.56588741,23.02350678,29.74916942,25.64509938,27.68224903,21.44946268,17.55637008,17.54694211,18.45759647,16.78782501,11.66574554,9.40089701,9.701261797,8.980030265,32.70909713,16.39086723,10.43409998,8.708278633,9.257761808,9.416166947,10.91281018,8.749284274,9.334389659,6.572987425,4.564893669,5.202277369,4.919656583,3.055444184,2.620202227,2.381930185,2.256026711,1.373545903,1.247802889,1.161646939,1.186852617,1.35019283,1.569279336,1.285082105,1.743565228,1.606582862,1.269079105,1.004395773,0.985511592,,
格鲁吉亚,GEO,石油发电量（占总发电量的比例）,EG.ELC.PETR.ZS,,,,,,,,,,,,,,,,,,,,,,,,,,,,,,,29.16788108,24.92302956,5.047516586,5.853658537,4.42670537,21.00809419,6.177821066,5.47256736,4.197627428,3.514252245,3.690732759,0.360386334,0.413393964,0.418994413,0.606585789,0.908215219,0.329353643,0.288046087,0.141961434,0.455713952,0.316080601,0.068667844,,,
加纳,GHA,石油发电量（占总发电量的比例）,EG.ELC.PETR.ZS,,,,,,,,,,,,1.188858696,1.072386059,0.971867008,0.75444147,0.977933801,1.113480218,1.14735658,1.378213623,1.131511529,0.771111529,0.651041667,0.563493661,0.933125972,1.801310044,1.027170311,0.681508405,0,0,0,0,0,0,0.348487249,0.458265139,0.310660562,0.030179568,0.508277665,0,0,0,0,0,0,0,0,0,0,0,0,0,0,,,
几内亚,GIN,石油发电量（占总发电量的比例）,EG.ELC.PETR.ZS,,,,,,,,,,,,,,,,,,,,,,,,,,,,,,,,,,,,,,,,,,,,,,,,,,,,,,,
冈比亚,GMB,石油发电量（占总发电量的比例）,EG.ELC.PETR.ZS,,,,,,,,,,,,,,,,,,,,,,,,,,,,,,,,,,,,,,,,,,,,,,,,,,,,,,,
几内亚比绍共和国,GNB,石油发电量（占总发电量的比例）,EG.ELC.PETR.ZS,,,,,,,,,,,,,,,,,,,,,,,,,,,,,,,,,,,,,,,,,,,,,,,,,,,,,,,
赤道几内亚,GNQ,石油发电量（占总发电量的比例）,EG.ELC.PETR.ZS,,,,,,,,,,,,,,,,,,,,,,,,,,,,,,,,,,,,,,,,,,,,,,,,,,,,,,,
希腊,GRC,石油发电量（占总发电量的比例）,EG.ELC.PETR.ZS,26.33187773,26.55367232,35.60992185,29.54067847,30.96612296,35.02054943,30.28590426,41.02784955,45.7981556,39.95692587,34.83706721,33.87822176,42.10807103,49.54444219,46.30492676,41.11042184,33.94048086,31.84619436,37.41567696,36.91973577,40.12272105,32.55674775,30.35407356,28.34924738,27.73343009,25.8111031,21.38742711,21.72439008,19.04288041,20.51446945,22.27462257,24.75169963,21.99059772,20.5495975,19.83853793,21.45330395,20.12213812,19.16982352,17.49242096,16.51381719,16.63079083,15.97143718,16.00333673,15.03669804,14.25705201,15.49295775,15.95407036,15.37529301,15.8793235,12.56915573,10.61411613,9.996282025,7.638321897,,
格林纳达,GRD,石油发电量（占总发电量的比例）,EG.ELC.PETR.ZS,,,,,,,,,,,,,,,,,,,,,,,,,,,,,,,,,,,,,,,,,,,,,,,,,,,,,,,
格陵兰,GRL,石油发电量（占总发电量的比例）,EG.ELC.PETR.ZS,,,,,,,,,,,,,,,,,,,,,,,,,,,,,,,,,,,,,,,,,,,,,,,,,,,,,,,
危地马拉,GTM,石油发电量（占总发电量的比例）,EG.ELC.PETR.ZS,,,,,,,,,,,,59.60729313,69.52380952,69.60352423,61.89873418,69.05187835,71.14967462,79.59048877,78.48180678,80.67776457,85.34836066,77.92661619,68.77346683,48.60724234,62.1231979,61.23321123,4.266321913,13.79710145,12.55434783,9.294566254,8.371454712,10.4111986,37.24878725,33.72739917,34.73344103,33.5600907,31.35568081,31.77758571,44.27737882,42.25352113,39.36838624,43.45227932,42.46486836,38.51054793,22.98819742,21.14548709,27.29388705,30.75956596,27.25708386,34.05243943,19.1576087,18.65946477,,,
关岛,GUM,石油发电量（占总发电量的比例）,EG.ELC.PETR.ZS,,,,,,,,,,,,,,,,,,,,,,,,,,,,,,,,,,,,,,,,,,,,,,,,,,,,,,,
圭亚那,GUY,石油发电量（占总发电量的比例）,EG.ELC.PETR.ZS,,,,,,,,,,,,,,,,,,,,,,,,,,,,,,,,,,,,,,,,,,,,,,,,,,,,,,,
高收入国家,HIC,石油发电量（占总发电量的比例）,EG.ELC.PETR.ZS,5.976890652,6.52017731,6.913726729,7.28560704,8.842533245,9.21832263,9.87143301,10.77785997,11.69313503,14.13436452,16.42908864,18.96750083,20.86787164,22.24048373,20.80811292,19.51996958,20.20212772,19.70524983,19.34548047,17.52745568,15.32579315,13.7280716,11.8898758,10.56520726,9.416400455,7.670633387,7.794067446,7.447982594,8.03630173,8.605974616,8.337833586,8.309835497,8.050686049,7.375127184,7.313446262,6.851514494,6.452889182,6.318590651,6.503310241,6.159994811,5.582555941,5.483044757,5.285133805,5.495990739,5.013317003,4.873771241,4.154589997,4.181615879,3.842083473,3.460720366,3.088374061,3.374158679,,,
中国香港特别行政区,HKG,石油发电量（占总发电量的比例）,EG.ELC.PETR.ZS,,,,,,,,,,,,100,100,100,100,100,100,100,100,100,100,100,77.9679735,46.33509443,30.61725639,22.09048362,15.14528637,4.897666975,1.764636681,2.942143927,1.793489529,3.555821046,4.205460223,5.015299026,2.000523501,2.400057315,2.102524436,1.264467093,1.149059426,0.976337379,0.488334238,0.477923039,0.504167395,0.566053677,0.638263492,0.392707602,0.378071834,0.287533374,0.36058325,0.351130848,0.279395253,0.294645145,,,
洪都拉斯,HND,石油发电量（占总发电量的比例）,EG.ELC.PETR.ZS,,,,,,,,,,,,38.10741688,28.13238771,26.13168724,22.92870906,25.92592593,29.41176471,31.83139535,14.75625823,12.92596945,13.68653422,16.90283401,19.19770774,26.84859155,26.80067002,6.451612903,3.054989817,2.782415136,2.763561924,2.398433676,1.724881414,1.449275362,6.44472898,11.8657299,22.18415418,38.67302053,33.51809586,33.51403061,43.68960469,37.85277859,38.08871851,50.74665294,60.25421657,60.82451499,69.76219762,66.35597777,63.02240053,62.63266276,61.9397277,55.15873016,53.89070389,54.74319394,,,
重债穷国 (HIPC),HPC,石油发电量（占总发电量的比例）,EG.ELC.PETR.ZS,,,,,,,,,,,,15.22072117,12.37747029,12.27146995,9.384187468,9.139420582,9.334555635,10.4255351,11.22447532,9.903125303,7.382023364,6.944387154,6.871527321,9.790724615,10.65575635,7.674569276,7.729854136,8.977517454,8.383277702,6.754317934,6.925385586,6.45715249,8.032396558,8.286036163,9.672510362,10.55675387,9.348396817,10.25480718,10.07158344,9.173144819,8.961053729,9.568632537,9.946980693,11.03041697,11.64526112,11.93446124,12.13936874,12.47958719,12.62266562,11.71873548,9.397550529,9.757391027,,,
克罗地亚,HRV,石油发电量（占总发电量的比例）,EG.ELC.PETR.ZS,,,,,,,,,,,,,,,,,,,,,,,,,,,,,,,33.32566433,22.4625624,27.88396672,28.97745486,16.90856313,27.76021675,17.76428165,27.92885948,32.57415741,31.78921569,15.7899663,17.5743594,18.15205827,25.92386994,12.59449652,15.01537963,15.93531611,19.162321,16.2491814,15.86163423,4.000285735,7.026723977,,,
海地,HTI,石油发电量（占总发电量的比例）,EG.ELC.PETR.ZS,,,,,,,,,,,,52.43902439,14.1509434,21.31147541,8.609271523,7.070707071,8.080808081,20.57416268,17.55102041,26.42857143,26.11464968,29.83870968,34.87179487,49.14841849,49.76303318,47.61904762,23.7020316,31.98380567,23.73831776,26.60869565,20.60301508,25.42735043,24.11347518,24.72527473,17.08185053,48.88888889,55.04132231,66.94214876,53.84615385,41.97707736,48.26325411,52.35690236,52.46800731,52.3364486,52.46800731,52.3381295,52.45614035,67.09401709,62.75720165,71.28987517,69.84667802,78.96935933,,,
匈牙利,HUN,石油发电量（占总发电量的比例）,EG.ELC.PETR.ZS,,,,,,13.34884137,14.37484192,13.122498,14.67882934,17.75534864,19.85971668,22.23556089,20.99491515,17.19095392,21.40110614,23.80812818,19.93197279,22.80146996,26.90756763,19.960031,13.88842352,12.12757202,11.87487386,12.32648313,14.99068547,16.95775489,13.98232611,11.89955965,6.188211952,5.20604442,4.751019834,9.434969796,12.59902162,17.0803585,16.47918842,15.53295314,12.85836421,16.55790039,16.03388008,14.03309368,12.51456338,11.51173967,5.910335481,4.762044223,2.29322416,1.272513704,1.452912797,1.338838839,0.886945659,1.762838365,1.311177116,0.400188978,0.494071146,,
印度尼西亚,IDN,石油发电量（占总发电量的比例）,EG.ELC.PETR.ZS,,,,,,,,,,,,55.97949886,66.95042564,56.54008439,58.41885215,60.10033445,57.17647059,63.77139167,71.80688531,76.8101919,82.07144761,81.07354479,86.79530836,82.67547481,81.71340479,72.85430558,47.03439791,48.17845484,45.19661918,39.56559388,46.93421496,47.0460632,46.19998555,46.02863436,22.96818412,16.35328502,16.18333235,21.63024107,18.40898024,17.7489379,19.65389767,19.38392557,23.34291285,24.62740028,29.9368358,30.72937112,29.08690687,26.50754034,28.74053949,22.71868615,20.26800273,23.1955654,,,
马恩岛,IMN,石油发电量（占总发电量的比例）,EG.ELC.PETR.ZS,,,,,,,,,,,,,,,,,,,,,,,,,,,,,,,,,,,,,,,,,,,,,,,,,,,,,,,
印度,IND,石油发电量（占总发电量的比例）,EG.ELC.PETR.ZS,,,,,,,,,,,,6.32230658,7.126042317,7.012747953,6.632932523,6.243744617,5.499137165,5.763787805,5.816762009,6.726644212,6.385208788,5.325412199,5.358517463,5.400876856,5.385774652,5.001363215,4.378002673,4.315383772,3.864371941,3.593349289,3.471555221,3.12326736,3.133932248,2.747414652,2.739480798,2.699557497,4.349767365,4.208564829,4.027134661,4.194674335,4.292398369,3.897320043,3.925711502,3.981628832,3.512493081,3.100040244,2.544954896,1.564776796,1.970027824,1.254812098,1.774272014,1.161517775,,,
未分类国家,INX,石油发电量（占总发电量的比例）,EG.ELC.PETR.ZS,,,,,,,,,,,,,,,,,,,,,,,,,,,,,,,,,,,,,,,,,,,,,,,,,,,,,,,
爱尔兰,IRL,石油发电量（占总发电量的比例）,EG.ELC.PETR.ZS,5.481874447,21.44313086,30.57090239,37.5257732,43.27519953,45.46193444,50.56179775,53.84615385,47.00801974,49.68660969,53.79036436,62.86484772,64.13122369,66.31736527,65.61394313,67.78353942,65.50312951,66.72209289,71.63591126,67.78195489,60.42968011,44.11625036,28.44254511,22.1902819,20.07831969,20.64560089,43.69870805,21.31601869,7.522295463,5.290379784,10.03584229,16.2893503,15.66539924,14.49625364,16.85286427,15.22381277,14.20190275,17.59865915,23.22540473,28.34367103,19.59194019,21.12292952,15.01026446,9.870882105,12.73448344,13.03363771,10.45139401,6.890732163,5.710846596,3.294227055,2.127659574,1.507864762,1.54886562,,
伊朗伊斯兰共和国,IRN,石油发电量（占总发电量的比例）,EG.ELC.PETR.ZS,,,,,,,,,,,,61.41887724,52.39191877,58.95972877,54.55908604,55.81528662,55.76800878,52.71807838,50.93968862,49.55954174,49.5844504,49.40175058,41.62883478,58.6021994,58.86484123,66.34115247,61.49479204,42.9984631,45.01680672,41.15002277,37.14595107,37.38889062,33.87355117,31.46291533,29.78211485,32.6602417,31.65175476,28.21766481,19.08296606,20.77586437,20.8949567,21.266871,18.56202941,14.50369773,16.19657556,15.7663627,19.87679181,19.87685429,19.37444646,20.41423861,19.75875169,27.79791827,,,
伊拉克,IRQ,石油发电量（占总发电量的比例）,EG.ELC.PETR.ZS,,,,,,,,,,,,29.75,31.51724138,26.42796249,30.97276265,19.96438905,14.71654896,43.33752357,49.73835354,48.03747535,72.55556532,83.46587757,83.78951991,90.77540933,91.1043733,89.39112192,89.63521335,80.00888494,68.65671642,66.40821459,73.49166667,79.78856319,80.18577075,79.29657795,76.48928571,77.8334398,77.61059885,78.98414582,79.97091614,78.94053164,79.32288401,81.82381942,85.5683194,88.01340861,92.59018424,40.60526316,20.44466783,23.06766555,20.0553776,13.57028526,15.48627584,12.8539823,,,
冰岛,ISL,石油发电量（占总发电量的比例）,EG.ELC.PETR.ZS,4.537205082,3.980099502,4.025764895,3.658536585,3.671071953,5.014749263,7.079646018,5.240793201,5.212620027,5.147864184,2.956989247,3.022825416,2.675585284,3.75,3.085376162,3.142488162,2.327480604,2.659574468,1.95788696,1.895093063,1.476130653,1.062215478,0.302780072,0.182863114,0.100578325,0.102564103,0.121536218,0.118764846,0.156319786,0.132245978,0.133037694,0.15576324,0.131984162,0.105775333,0.10460251,0.180686609,0.097599063,0.07160759,0.079605158,0.069560378,0.065070276,0.049794597,0.071292776,0.070588235,0.046387568,0.057563896,0.040281974,0.016698672,0.012145503,0.011880718,0.011724017,0.011620475,0.017094991,,
以色列,ISR,石油发电量（占总发电量的比例）,EG.ELC.PETR.ZS,,,,,,,,,,,,99.2276476,99.4220335,100,100,100,100,100,100,100,100,99.98458812,81.84150722,67.12643678,50.01022844,45.57413167,44.46176874,48.59421848,53.2399752,52.34928861,49.89472677,46.61150878,41.68787782,37.75514126,39.3153673,37.34428924,30.57084012,28.72364672,29.80371493,32.5997705,31.09397342,24.74573957,22.44615385,22.86941179,13.29977368,13.69079462,11.10210056,10.77669542,10.50969383,4.048649238,3.662534576,7.308240422,8.615805251,,
意大利,ITA,石油发电量（占总发电量的比例）,EG.ELC.PETR.ZS,6.670834078,16.13860565,23.99975216,23.17461211,33.82655535,32.55684432,33.13160014,36.23882769,40.00930133,45.30799547,49.19053015,55.3954164,57.38793374,62.35790322,61.93452502,57.14991288,57.40467169,52.43092181,56.68124238,56.15059302,57.00317211,56.30832504,51.67082815,50.90028816,41.36865662,41.79941505,41.01908468,45.35785609,44.69679605,49.62653598,48.19162362,47.73974703,52.10447842,51.84145259,50.84899886,50.89230043,48.90934761,45.96388181,42.3035225,35.24676477,31.81291142,27.58722149,31.62279216,26.5430805,19.50658773,15.86786103,14.90233677,11.48101044,10.03297972,9.024193996,7.26770067,6.614068991,6.34787985,,
牙买加,JAM,石油发电量（占总发电量的比例）,EG.ELC.PETR.ZS,,,,,,,,,,,,86.33651551,86.64027709,86.09967993,86.24616732,79.59434542,77.59530792,76.28094416,74.90239822,76.67258733,76.01431981,76.06888361,77.96954315,74.04773997,87.47720365,87.77506112,88.38559814,89.43396226,89.62315674,87.79811425,92.43287225,93.2642487,95.52388097,94.77710367,94.4921466,94.83616401,94.12056973,94.068745,95.07716049,95.1732486,95.15591886,96.54447115,97.75021633,97.48110831,96.71608702,96.3082727,96.05245551,95.0466978,95.48934754,94.83847681,92.08392942,91.81093173,,,
约旦,JOR,石油发电量（占总发电量的比例）,EG.ELC.PETR.ZS,,,,,,,,,,,,100,100,100,100,100,100,100,100,100,100,100,100,100,100,100,99.89847716,99.45496271,99.17254061,91.31954559,87.7680044,88.53383459,89.32609679,88.19575719,84.47596533,86.3960114,87.58666226,87.37228608,89.57746479,89.39415337,89.36949153,89.13763412,90.88785047,90.0425319,49.18032787,44.44789724,29.26258993,17.02176756,15.71036277,8.527186099,28.334574,72.5267973,,,
日本,JPN,石油发电量（占总发电量的比例）,EG.ELC.PETR.ZS,17.05627706,19.90915973,22.29344729,22.94180159,31.94514133,32.1092976,33.29671864,38.22933333,42.69718698,53.11397234,59.24464487,62.62731784,66.71364811,73.23646771,65.51547565,63.81074763,63.31953956,64.40983734,58.49271745,52.95708477,46.23435238,45.26776913,41.15055105,38.35141083,32.83982971,27.56765591,26.75442256,26.9503556,28.18702507,29.37764982,18.50992323,17.35282641,17.70347354,15.30093718,15.85512021,14.00200357,12.7046148,11.65394108,10.79894236,10.77057453,9.917787116,8.402544096,9.580103661,10.42197124,9.16163007,9.502802984,8.183248947,9.87753811,9.334602829,6.974669107,6.656732681,10.09696578,11.45276449,,
哈萨克斯坦,KAZ,石油发电量（占总发电量的比例）,EG.ELC.PETR.ZS,,,,,,,,,,,,,,,,,,,,,,,,,,,,,,,9.992103366,8.780703387,8.826979118,8.69660658,7.181047336,7.290619703,7.244486602,7.292307692,7.298809645,6.372899912,5.149637596,4.191216561,5.232936821,4.02874769,1.743222048,3.62580512,3.526522182,3.3943445,3.311464389,1.114216745,0.750187547,0.627122168,,,
肯尼亚,KEN,石油发电量（占总发电量的比例）,EG.ELC.PETR.ZS,,,,,,,,,,,,39.56043956,39.73747017,42.73029967,32.89205703,29.62281509,44.95699765,29.40226171,20.43650794,15.26717557,26.3803681,17.57894737,15.8997955,7.95730228,10.65340909,5.981067126,10.43093033,13.54019746,4.256756757,3.520671835,7.14064915,4.659289458,4.286964129,3.622787611,5.736137667,10.16866292,9.497076023,16.56646627,18.01645734,33.61932716,50.64377682,32.03739112,21.11890999,15.77220077,24.14165019,27.4624374,28.78787879,27.61104442,35.83456425,44.09024745,30.4892681,32.73028411,,,
吉尔吉斯斯坦,KGZ,石油发电量（占总发电量的比例）,EG.ELC.PETR.ZS,,,,,,,,,,,,,,,,,,,,,,,,,,,,,,,0,0,0,0,0,0,0,0,0,0,0,0,0,0,0,0,0,0,0,0,0,0,,,
柬埔寨,KHM,石油发电量（占总发电量的比例）,EG.ELC.PETR.ZS,,,,,,,,,,,,,,,,,,,,,,,,,,,,,,,,,,,,100,100,100,100,100,99.77678571,99.80353635,95.87912088,93.57798165,94.96314496,93.87966805,94.47278912,95.63465413,95.80797836,93.15286624,91.95171026,90.31339031,,,
基里巴斯,KIR,石油发电量（占总发电量的比例）,EG.ELC.PETR.ZS,,,,,,,,,,,,,,,,,,,,,,,,,,,,,,,,,,,,,,,,,,,,,,,,,,,,,,,
圣基茨和尼维斯,KNA,石油发电量（占总发电量的比例）,EG.ELC.PETR.ZS,,,,,,,,,,,,,,,,,,,,,,,,,,,,,,,,,,,,,,,,,,,,,,,,,,,,,,,
大韩民国,KOR,石油发电量（占总发电量的比例）,EG.ELC.PETR.ZS,,,,,,,,,,,,80.60721063,81.59472928,82.29342327,84.26492426,85.11431412,85.88052083,89.26543047,83.93843224,81.08988764,78.67289669,79.76471759,80.53429804,67.2937564,48.754832,34.41653594,21.74661554,6.998019039,13.67520353,15.92400875,17.89581574,24.00070637,28.38333173,24.39123292,24.96229074,23.34063896,20.43434269,18.4652926,6.737199691,5.97038999,11.98540166,11.54245529,9.582358007,9.214402476,7.550216578,6.263374189,5.634772665,5.91258614,3.457938662,4.386108627,3.812022113,3.197943287,4.1227612,,
科索沃,,石油发电量（占总发电量的比例）,EG.ELC.PETR.ZS,,,,,,,,,,,,,,,,,,,,,,,,,,,,,,,,,,,,,,,,,0.642543118,0.64171123,0.64602961,0.716253444,0.636942675,0.605652759,0.654036987,0.641158221,0.639287098,0.301446945,0.425696594,0.362006551,,,
科威特,KWT,石油发电量（占总发电量的比例）,EG.ELC.PETR.ZS,,,,,,,,,,,,13.95348837,17.67753734,9.805532731,14.25766871,27.29234088,29.81474334,32.89385848,33.85364457,32.16109564,43.88784218,47.55866201,67.99726472,67.35738859,68.11573341,72.78329117,66.12341305,65.9462746,68.90147457,64.90396016,55.45272501,90.12987013,62.1024578,37.69451878,44.9697395,46.52672399,37.57409225,41.03053435,58.18770011,67.6843172,67.07916963,69.30522756,78.02101095,75.39319632,72.31675393,74.92111401,68.60755771,68.12093615,64.34713714,71.17596212,65.37551071,61.98722523,,,
拉丁美洲&加勒比海地区,LAC,石油发电量（占总发电量的比例）,EG.ELC.PETR.ZS,,,,,,,,,,,,30.67220745,30.12390176,29.96180583,28.0924144,27.38746002,26.9414581,26.90871351,27.2611909,25.95930221,26.23809589,25.48614655,24.78833734,24.5128338,21.9567917,20.29672612,21.6469457,21.50577087,20.63560149,20.48952273,18.15817396,17.41823853,17.8429042,16.14568802,17.22620727,15.8042832,15.55667767,16.61160199,17.87419895,17.16076734,17.06868717,17.32942553,14.93729427,11.99377852,12.99642763,12.56363243,11.79386855,11.26939783,11.34511021,10.90937275,10.59875145,10.59792986,,,
老挝,LAO,石油发电量（占总发电量的比例）,EG.ELC.PETR.ZS,,,,,,,,,,,,,,,,,,,,,,,,,,,,,,,,,,,,,,,,,,,,,,,,,,,,,,,
黎巴嫩,LBN,石油发电量（占总发电量的比例）,EG.ELC.PETR.ZS,,,,,,,,,,,,38.98181818,47.76699029,73.31099944,58.48101266,56.75675676,60,62.79069767,65.2173913,66,69.11337209,71.66666667,80.3030303,84.44444444,84.60526316,84.84848485,86.57074341,86.73913043,85,80,66.66666667,81.33333333,80.90692124,84.21052632,84.23996914,86.42302594,88.54271357,89.41867293,92.33697774,96.70536866,95.39817567,96.72469755,94.21551062,89.24569986,91.0242026,91.58690582,94.01378122,95.15407555,97.20724768,94.08176603,88.37830957,95.08096548,,,
利比里亚,LBR,石油发电量（占总发电量的比例）,EG.ELC.PETR.ZS,,,,,,,,,,,,,,,,,,,,,,,,,,,,,,,,,,,,,,,,,,,,,,,,,,,,,,,
利比亚,LBY,石油发电量（占总发电量的比例）,EG.ELC.PETR.ZS,,,,,,,,,,,,100,100,100,100,100,100,100,100,100,100,100,100,100,100,100,100,100,100,100,100,100,100,100,100,77.22295226,76.00529538,77.81299525,79.30218805,77.09446797,78.0588539,77.9529514,78.87171297,79.64419575,80.73376399,72.05363444,60.40639897,55.99984753,61.75254712,61.75229506,53.15238299,43.68798436,,,
圣卢西亚,LCA,石油发电量（占总发电量的比例）,EG.ELC.PETR.ZS,,,,,,,,,,,,,,,,,,,,,,,,,,,,,,,,,,,,,,,,,,,,,,,,,,,,,,,
拉丁美洲与加勒比海地区（所有收入水平）,LCN,石油发电量（占总发电量的比例）,EG.ELC.PETR.ZS,,,,,,,,,,,,29.40666971,29.11767229,28.56275259,26.82988953,26.26746909,25.87801722,25.75324513,26.1052338,24.98057738,24.89649672,24.11206485,23.40020246,22.77861393,20.39844975,18.89051177,20.10754094,19.99500177,19.41638473,19.44717244,17.07442318,16.39278723,16.64805046,15.09170457,16.04954212,14.7184001,14.67035365,15.55861307,16.59073283,16.2359187,15.84892028,15.91695458,13.75779998,11.09798884,12.20544847,11.82208363,11.15142292,11.50377542,11.8063621,11.05179015,10.35925774,10.27803944,,,
最不发达国家：联合国分类,LDC,石油发电量（占总发电量的比例）,EG.ELC.PETR.ZS,,,,,,,,,,,,20.09982384,16.34778618,16.11860185,12.61151588,11.834523,10.89451065,10.3836838,11.24402906,11.84103971,10.95359891,10.6722154,10.72233533,11.07897347,11.46289351,11.45837722,12.27759972,11.98273058,11.26210459,9.808848093,9.818718079,9.939768603,11.10802266,11.20804822,11.00248414,12.15812011,12.17747707,14.7494829,12.24293278,13.19910255,12.48938739,12.24442806,11.48893853,12.2812739,11.5753501,12.10112693,12.44597945,12.71134853,13.1713065,12.39739991,9.505482965,9.283248415,,,
低收入国家,LIC,石油发电量（占总发电量的比例）,EG.ELC.PETR.ZS,,,,,,,,,,,,4.501779631,5.44514568,5.29416051,4.498927916,3.306594632,4.204178164,3.353866249,3.607642876,3.697294188,3.452890043,3.135588151,3.348204008,2.892152093,4.147180874,3.15562286,3.960433716,3.460481652,2.754439371,1.824767453,1.945262366,1.111001808,1.402341152,1.610014048,1.622589457,2.60807001,3.033568474,4.290320408,3.954132908,4.675309107,4.585026421,3.963378399,3.321988692,3.094875032,3.325634507,3.655193574,3.815316687,3.711259545,4.225695454,4.320059228,3.373086527,3.541755411,,,
列支敦士登,LIE,石油发电量（占总发电量的比例）,EG.ELC.PETR.ZS,,,,,,,,,,,,,,,,,,,,,,,,,,,,,,,,,,,,,,,,,,,,,,,,,,,,,,,
斯里兰卡,LKA,石油发电量（占总发电量的比例）,EG.ELC.PETR.ZS,,,,,,,,,,,,7.333333333,13.96984925,31.32880698,7.228915663,4.09051349,5.657237937,3.651903652,1.371841155,4.196721311,11.33093525,16.02564103,22.16844143,42.43140965,7.518796992,2.800324675,0.263951735,19.5788696,7.216863165,1.959412176,0.158730159,7.728753331,18.07909605,4.599145514,6.7927969,7.288629738,28.21192053,33.00291545,31.11032905,32.51940492,54.19760137,53.98908716,61.81741216,57.10212545,63.86156648,62.77348777,51,59.93334007,55.03137849,60.35158212,46.70692058,50.1974927,,,
中低等收入国家,LMC,石油发电量（占总发电量的比例）,EG.ELC.PETR.ZS,,,,,,,,,,,,11.21440227,11.73143146,11.81783839,10.75794368,10.87250895,9.97237405,10.53430984,10.61902201,11.121334,10.40457705,10.10581316,10.77514515,11.5866194,10.88069588,10.17904204,8.925440675,9.507108276,9.241592377,8.606222622,15.37770932,14.38646698,13.15111584,11.93213553,10.62388001,10.99998634,11.31104677,11.79381626,11.68792967,10.57030789,11.19687612,10.20616638,10.51198222,9.049620984,9.393377191,9.573525403,9.624625826,9.58779772,10.10925944,9.399180966,8.732184343,7.97149757,,,
中低收入国家,LMY,石油发电量（占总发电量的比例）,EG.ELC.PETR.ZS,,,,,,,,,,,,13.98550559,15.2239658,16.56362703,15.83119734,15.69872163,17.06348493,17.0971157,17.62803688,17.85641808,17.72271106,17.23312521,16.46389403,16.86984594,15.69370219,14.00751563,13.69983648,12.93045496,12.07529085,11.57519461,14.98321044,14.25843155,13.45887336,12.88979611,11.76715132,11.57548972,11.29911856,11.35883799,11.37628909,10.62622913,10.284105,9.537763935,8.914098229,7.474601202,7.693066195,6.880498157,6.30752223,5.635837757,5.545964761,5.122521511,4.645170932,4.55848318,,,
莱索托,LSO,石油发电量（占总发电量的比例）,EG.ELC.PETR.ZS,,,,,,,,,,,,,,,,,,,,,,,,,,,,,,,,,,,,,,,,,,,,,,,,,,,,,,,
立陶宛,LTU,石油发电量（占总发电量的比例）,EG.ELC.PETR.ZS,,,,,,,,,,,,,,,,,,,,,,,,,,,,,,,14.61362436,19.41559105,12.51347854,7.16951342,12.75243465,7.684911243,7.905917123,10.27244926,16.04384073,13.09496524,5.575038216,4.532794875,2.71192321,1.57212662,1.237201365,1.283385362,1.680881013,2.100965108,4.217003076,5.019463225,12.95554666,4.922279793,,,
卢森堡,LUX,石油发电量（占总发电量的比例）,EG.ELC.PETR.ZS,0.819672131,2.748691099,5.684931507,12.39852399,12.98788694,11.21558093,13.58112938,17.70981508,16.9360506,16.94444444,18.05453206,32.33308327,33.99122807,27.61836442,26.16747182,23.71916509,19.7080292,16.10915493,17.12028095,14.38979964,10.89324619,10.3021978,18.81918819,11.27659574,6.133828996,3.468208092,11.56462585,2.422145329,9.253246753,3.006329114,1.442307692,3.708987161,8.484848485,5.66318927,2.59965338,1.026694045,3.863636364,3.201970443,0,0,0,0,0,0.035855145,0.029568303,0.029877502,0.028344671,0.03125,0.036697248,0,0.030940594,0.037807183,0.03646973,,
拉脱维亚,LVA,石油发电量（占总发电量的比例）,EG.ELC.PETR.ZS,,,,,,,,,,,,,,,,,,,,,,,,,,,,,,,5.370036101,8.841247342,2.529994784,10.42303772,16.77927928,10.50515205,20.60140755,4.460719041,5.261342073,8.710462287,2.587040619,2.219626168,3.496855346,2.062893082,1.279590531,0.122299225,0.102228583,0.35631943,0.037921881,0.071826181,0.030179568,0.016409583,,,
中国澳门特别行政区,MAC,石油发电量（占总发电量的比例）,EG.ELC.PETR.ZS,,,,,,,,,,,,,,,,,,,,,,,,,,,,,,,,,,,,,,,,,,,,,,,,,,,,,,,
圣马丁（法属）,MAF,石油发电量（占总发电量的比例）,EG.ELC.PETR.ZS,,,,,,,,,,,,,,,,,,,,,,,,,,,,,,,,,,,,,,,,,,,,,,,,,,,,,,,
摩洛哥,MAR,石油发电量（占总发电量的比例）,EG.ELC.PETR.ZS,,,,,,,,,,,,20.21834061,13.46595256,31.02608696,27.64015645,34.81186907,40.33823122,36.91962057,39.99544211,48.41450777,51.64856108,61.24301676,72.46541904,72.40502543,76.520734,77.80803268,64.64451314,55.34308211,60.39626002,65.25930851,64.35396759,66.95274307,72.91902459,69.94954591,67.06190061,45.59212703,37.02344872,37.5708085,28.67828501,40.03101978,25.63943093,15.48584341,17.55169019,19.10966341,18.37334086,17.47537584,16.45690697,17.20359853,23.36575875,20.18917002,24.31409248,26.44741074,,,
摩纳哥,MCO,石油发电量（占总发电量的比例）,EG.ELC.PETR.ZS,,,,,,,,,,,,,,,,,,,,,,,,,,,,,,,,,,,,,,,,,,,,,,,,,,,,,,,
摩尔多瓦,MDA,石油发电量（占总发电量的比例）,EG.ELC.PETR.ZS,,,,,,,,,,,,,,,,,,,,,,,,,,,,,,,25.38684421,26.66799575,22.93146033,15.81804084,4.903511547,4.786885246,5.224489796,3.301813672,3.426356589,1.885856079,0.570816982,0.550826239,0.379768686,0.284709429,0.205973223,0.166944908,0.016444664,0,0.182663567,0.774443369,0.474398822,0.345661943,,,
马达加斯加,MDG,石油发电量（占总发电量的比例）,EG.ELC.PETR.ZS,,,,,,,,,,,,,,,,,,,,,,,,,,,,,,,,,,,,,,,,,,,,,,,,,,,,,,,
马尔代夫,MDV,石油发电量（占总发电量的比例）,EG.ELC.PETR.ZS,,,,,,,,,,,,,,,,,,,,,,,,,,,,,,,,,,,,,,,,,,,,,,,,,,,,,,,
中东与北非地区（所有收入水平）,MEA,石油发电量（占总发电量的比例）,EG.ELC.PETR.ZS,,,,,,,,,,,,58.13237825,55.33885744,56.56543696,54.03860151,54.46971567,51.83136482,52.00203083,51.31223872,50.98867937,46.43403348,49.07619116,49.34102789,52.05065917,50.97816149,51.80566389,51.15079863,48.03739184,48.35988065,46.12239357,37.63615422,38.1008049,36.64026094,33.32392351,32.75103399,32.86214285,31.83075952,32.06185763,31.9403316,32.1560712,32.20272096,29.90906004,30.05651719,28.65670219,27.62437728,25.30722959,25.32460088,26.10314513,26.04556245,23.94746259,22.12408666,23.64993807,,,
墨西哥,MEX,石油发电量（占总发电量的比例）,EG.ELC.PETR.ZS,,,,,,,,,,,,35.51660814,39.42083818,41.12668464,45.5519227,50.44394864,53.04477738,52.21110239,58.2435515,52.33470242,57.93584421,53.49043837,55.77778333,59.92281105,58.37455424,57.38635753,60.75112731,61.67958308,61.21861972,59.25916486,53.57700907,51.02590029,48.75963391,47.09116773,52.51102759,44.56281856,43.31954097,47.50455522,49.41022498,45.84813791,46.19913115,42.28291495,34.33406215,25.16703474,29.27133302,27.39077117,22.1491439,20.70713156,18.88300919,17.52379858,16.1885261,16.35055791,18.80181343,,
马绍尔群岛,MHL,石油发电量（占总发电量的比例）,EG.ELC.PETR.ZS,,,,,,,,,,,,,,,,,,,,,,,,,,,,,,,,,,,,,,,,,,,,,,,,,,,,,,,
中等收入国家,MIC,石油发电量（占总发电量的比例）,EG.ELC.PETR.ZS,,,,,,,,,,,,14.48904509,15.72466085,17.15260405,16.42497434,16.34947495,17.71885894,17.78435821,18.29690818,18.50862608,18.33924501,17.82797491,17.00511179,17.44331693,16.15061924,14.44447678,14.07813386,13.2987804,12.4441717,11.97041435,15.49625163,14.75533872,13.8894018,13.26367955,12.09770997,11.86082408,11.55320227,11.56275136,11.59035706,10.80361156,10.45213852,9.702958996,9.076060598,7.598626522,7.81671194,6.97153102,6.376372389,5.688656695,5.583849769,5.14795757,4.680493127,4.587985764,,,
马其顿王国,MKD,石油发电量（占总发电量的比例）,EG.ELC.PETR.ZS,,,,,,,,,,,,,,,,,,,,,,,,,,,,,,,1.806182702,1.022530329,0.972794724,1.698841699,0.606162654,0.619699935,1.008884204,1.039655428,0.82292849,0.49541017,6.327998825,2.624960704,3.513380397,0.326506382,0.359982001,0.230381569,3.539823009,7.371498923,2.883853589,3.676039836,0.840220386,1.003490401,,,
马里,MLI,石油发电量（占总发电量的比例）,EG.ELC.PETR.ZS,,,,,,,,,,,,,,,,,,,,,,,,,,,,,,,,,,,,,,,,,,,,,,,,,,,,,,,
马耳他,MLT,石油发电量（占总发电量的比例）,EG.ELC.PETR.ZS,,,,,,,,,,,,100,100,100,100,100,100,100,100,100,100,100,94.639866,82.37037037,79.14285714,56.37755102,70.94117647,63.13559322,57.57281553,43.81818182,44.09090909,58.42142354,62.41610738,60,76.70343933,94.48529412,100,100,100,100,100,100,100,100,100,100,100,100,100,100,99.90543735,99.40747493,,,
缅甸,MMR,石油发电量（占总发电量的比例）,EG.ELC.PETR.ZS,,,,,,,,,,,,23.15484805,19.52817824,20.70645554,24.70449173,28.01635992,31.13553114,29.89084803,30.32984714,28.95522388,31.33826496,21.93548387,23.00257732,21.6119403,19.84126984,19.63190184,15.72383073,19.26724138,13.47708895,7.818765036,10.9362389,12.73813971,10.28037383,8.064992614,4.507512521,5.376078915,4.283903676,5.736782902,6.47499396,15.58525544,13.50136772,11.34570271,0.572217837,0.571428571,0.588340168,0.565159574,0.454250487,0.531333021,0.604047116,0.430786904,0.437491714,0.382148219,,,
中东&北非,MNA,石油发电量（占总发电量的比例）,EG.ELC.PETR.ZS,,,,,,,,,,,,49.23428463,45.32993667,48.97734135,45.3097646,45.47182464,44.22595241,46.09027815,46.95800911,47.89785391,48.43501754,50.51464457,50.38442848,58.12370131,57.93429181,60.07753033,59.28704766,51.96393282,51.26623971,48.59292757,45.23446483,44.82442329,43.87798438,41.31192091,39.76198982,39.08964248,38.71873997,38.42323692,36.52656242,34.18492052,35.49894716,31.76248866,31.84472227,27.92125501,28.2899392,24.14460267,24.27379278,25.2216924,25.89273833,24.87793144,23.61657164,25.53138893,,,
黑山,MNE,石油发电量（占总发电量的比例）,EG.ELC.PETR.ZS,,,,,,,,,,,,,,,,,,,,,,,,,,,,,,,,,,,,,,,,,,,,,,0,0,0,0,0,0,0,,,
蒙古,MNG,石油发电量（占总发电量的比例）,EG.ELC.PETR.ZS,,,,,,,,,,,,,,,,,,,,,,,,,,8.717774763,7.13197196,6.624240671,6.910680142,6.246590289,7.605877269,7.622777945,5.263157895,8.327109783,5.507246377,4.236970379,4.442771084,4.437869822,4.264705882,3.625690608,2.933333333,3.184920377,2.76903713,3.08411215,3.303834808,2.961275626,3.124143601,3.913383773,3.860072376,3.636363636,3.994644053,4.902167052,,,
北马里亚纳群岛,MNP,石油发电量（占总发电量的比例）,EG.ELC.PETR.ZS,,,,,,,,,,,,,,,,,,,,,,,,,,,,,,,,,,,,,,,,,,,,,,,,,,,,,,,
莫桑比克,MOZ,石油发电量（占总发电量的比例）,EG.ELC.PETR.ZS,,,,,,,,,,,,66.76557864,67.87330317,70.20280811,10.57563588,13.57615894,12.83880171,12.00564972,8.219178082,13.26530612,17.31601732,35.34482759,21.12676056,20.38369305,18.34170854,11.63636364,21.29032258,22.02380952,21.95845697,18.6440678,23.56828194,14.64968153,9.855769231,7.908163265,7.088607595,6.862745098,5.462184874,2.587064677,0.364219114,0.285343709,0.433168317,0.353386622,0.267463814,0.311726414,0.33293495,0.10538201,0.081427699,0.018661359,0.006610696,0.005895184,0.00600024,0,,,
毛里塔尼亚,MRT,石油发电量（占总发电量的比例）,EG.ELC.PETR.ZS,,,,,,,,,,,,,,,,,,,,,,,,,,,,,,,,,,,,,,,,,,,,,,,,,,,,,,,
毛里求斯,MUS,石油发电量（占总发电量的比例）,EG.ELC.PETR.ZS,,,,,,,,,,,,,,,,,,,,,,,,,,,,,,,,,,,,,,,,,,,,,,,,,,,,,,,
马拉维,MWI,石油发电量（占总发电量的比例）,EG.ELC.PETR.ZS,,,,,,,,,,,,,,,,,,,,,,,,,,,,,,,,,,,,,,,,,,,,,,,,,,,,,,,
马来西亚,MYS,石油发电量（占总发电量的比例）,EG.ELC.PETR.ZS,,,,,,,,,,,,72.43741765,73.24368189,76.78608841,81.04747551,82.63648929,85.36133416,89.77393617,88.21748607,87.12946818,84.90397054,84.44362087,86.27567476,84.72331086,72.96668122,61.80406852,58.73163474,54.5605878,50.60458867,48.4359749,48.26642336,41.2210003,32.8865241,27.34390742,21.65217391,19.73956271,19.69231368,17.68222103,16.16840441,7.493139975,5.198180637,6.16453773,10.26276448,3.782385401,3.032181226,2.664715203,3.489925415,2.297058944,1.763785646,3.026707252,2.934591396,7.669305865,,,
北美,NAC,石油发电量（占总发电量的比例）,EG.ELC.PETR.ZS,5.737045628,5.642605199,5.266981951,5.219713245,5.364103113,5.750292711,6.415702593,6.9200042,7.535456877,9.080252322,11.08342179,12.55552689,14.25283809,15.4278453,14.82217542,13.95845978,14.58888088,15.53586557,15.25974312,12.48205319,9.886991482,8.173700906,6.073175829,5.711655542,4.479945546,3.698514973,4.898270949,4.256866475,5.086187766,5.331428816,3.990804878,3.750774444,3.219620433,3.537758241,3.240884316,2.339381549,2.459355604,2.771070422,3.696922949,3.319444477,2.796269515,3.305542355,2.592765175,3.413522853,3.416888126,3.198343364,1.796796834,1.772068027,1.336198958,1.272092635,1.120156194,0.92748398,,,
纳米比亚,NAM,石油发电量（占总发电量的比例）,EG.ELC.PETR.ZS,,,,,,,,,,,,,,,,,,,,,,,,,,,,,,,,3.311735061,0.598290598,2.313624679,2.402745995,1.024765158,2.015677492,2.647975078,1.177625123,2.398676592,0,0,0.072621641,0.127632419,0,0.315457413,0.60362173,0.177725118,0.636132316,0.201342282,0.229885057,0.41958042,,,
新喀里多尼亚,NCL,石油发电量（占总发电量的比例）,EG.ELC.PETR.ZS,,,,,,,,,,,,,,,,,,,,,,,,,,,,,,,,,,,,,,,,,,,,,,,,,,,,,,,
尼日尔,NER,石油发电量（占总发电量的比例）,EG.ELC.PETR.ZS,,,,,,,,,,,,,,,,,,,,,,,,,,,,,,,,,,,,,,,,,,,,,,,,,,,,,,,
尼日利亚,NGA,石油发电量（占总发电量的比例）,EG.ELC.PETR.ZS,,,,,,,,,,,,10.6518283,24.22887796,17.67619048,4.197638828,13.71247113,9.157330736,15.99830257,19.8078183,13.26855687,17.68726461,16.04938272,19.23347398,14.10535981,16.31789849,18.27609823,22.40386402,19.88459831,19.22086837,17.4822446,13.66708757,11.61149149,14.37912903,13.47121682,11.01023759,19.0830548,20.39647848,17.09375194,8.61681006,9.23612406,1.493854824,7.107288366,21.58837727,5.692909875,12.08238929,10.31479672,8.563392471,8.58212203,8.754144955,12.80780705,11.3050802,15.79862396,,,
尼加拉瓜,NIC,石油发电量（占总发电量的比例）,EG.ELC.PETR.ZS,,,,,,,,,,,,65.19607843,46.38297872,44.10029499,48.7804878,52.04081633,55.3816047,75.34602076,70.03514938,50.16429354,47.06467662,50.29126214,55.78842315,61.38952164,43.36188437,43.21705426,52.13746857,48.90453834,47.734375,35.47145606,38.64104324,39.7478434,49.0543014,42.99711816,51.54639175,54.55525606,56.4977421,58.2396088,72.15357458,72.62234534,78.604849,80.1984127,75.41984733,72.94372294,72.27926078,65.38839725,69.94256541,71.00997506,64.47485867,69.09933391,62.99535392,65.9869281,,,
荷兰,NLD,石油发电量（占总发电量的比例）,EG.ELC.PETR.ZS,19.42358925,19.94439401,22.88236822,30.12295082,39.59521219,46.20151939,46.59657684,38.84083045,36.99098724,39.04533707,32.60316217,26.22260823,20.52632641,12.32827256,7.162031373,7.93615688,7.874503328,7.526678791,16.90856549,33.86231075,38.42082523,39.86230153,24.07149489,9.466890193,5.358565102,5.175782801,5.146073439,5.347929669,5.453161138,4.527036277,4.325947344,4.543194614,4.218172385,3.989538197,3.870457144,3.51679312,3.310202551,3.255942701,3.306773783,3.206835715,2.946525198,2.824900979,2.462946363,2.574641894,2.373096447,2.257057045,2.129216509,2.110077785,1.918342701,1.310109073,1.060606061,1.287090149,1.121857624,,
高收入非经合组织国家,NOC,石油发电量（占总发电量的比例）,EG.ELC.PETR.ZS,,,,,,,,,,,,,,,,,,,,,,,,,,,,,,,13.55209919,13.78894503,12.31568565,11.12633425,11.51046893,11.90872912,10.80326484,10.94193709,11.86466264,11.78871098,10.520249,9.938936871,9.389031266,9.239296943,8.428018446,8.33115738,8.71731894,8.371824754,8.351663661,7.770453753,6.936895177,8.02322773,,,
挪威,NOR,石油发电量（占总发电量的比例）,EG.ELC.PETR.ZS,0.699656532,0.656983767,0.330474467,0.525407191,0.393452943,0.19778002,0.347548759,0.189131493,0.162512644,0.4044858,0.634271276,0.420287117,0.232276009,0.191704665,0.040441992,0.063306676,0.088992917,0.275428714,0.132361855,0.139570483,0.148059701,0.121556352,0.273804262,0.261298569,0.263579027,0.290083618,0.38379575,0.429660029,0.341162697,0.330532637,0.004933764,0.006331232,0,0,0,0,0,0.007240212,0.006012145,0.008177484,0.006315302,0.00741797,0.016891892,0.029061864,0.025429809,0.016758352,0.02392305,0.025714118,0.023371601,0.022904435,0.025154579,0.02364327,0.027934293,,
尼泊尔,NPL,石油发电量（占总发电量的比例）,EG.ELC.PETR.ZS,,,,,,,,,,,,22.09302326,21.4953271,22.11538462,14.28571429,14.77272727,9.79020979,11.46496815,12.06896552,11.91709845,6.451612903,3.95256917,1.543209877,0.835654596,1.03626943,0.697674419,0.184842884,1.063829787,3.767123288,0.139664804,0.113895216,3.433476395,5.304740406,6.645230439,8.01980198,3.093645485,3.276003276,9.153122327,9.52,4.533152909,1.627486438,0.964113551,0.188412624,0.17644464,0.578990902,0.631662061,0.473071325,0.32234957,0.320056899,0.417335474,0.09354537,0.09057971,,,
新西兰,NZL,石油发电量（占总发电量的比例）,EG.ELC.PETR.ZS,0,0,0,0,0,0,0,2.001187145,1.468926554,4.055488175,3.311163556,2.015764311,3.77562028,6.108682748,9.01848311,4.366854698,5.895786726,3.014062572,0.733441325,0.271714519,0.17259692,0.157621198,0.352422907,0.626580606,0.229600204,0.342663396,0.097984323,0.05150922,0.043492807,0.015944894,0.030992376,0.075084094,0.611053688,0.18380744,0.060256521,0.141423105,0.043868067,0,0.002658726,0,0,0,0,0.049047257,0.056463945,0.009309253,0.052749874,0.002285714,0.301094891,0.02071108,0.004456527,0.004494786,0.006777823,,
高收入经合组织国家,OEC,石油发电量（占总发电量的比例）,EG.ELC.PETR.ZS,6.938890051,7.569620409,8.026512848,8.458248468,10.26576686,10.70204073,11.46027128,12.51259053,13.57518199,16.40933506,19.07340226,21.40465345,23.57428337,25.1237672,23.48019171,21.9059693,22.6150803,21.99606944,21.56176472,19.45338871,16.94449372,15.04724919,12.82689612,11.47347441,10.22986092,8.240271084,8.34829108,7.910258318,8.419604846,9.022564495,7.226672942,7.174456117,7.189645856,6.650380743,6.577791567,5.999225424,5.730550847,5.557980977,5.621733726,5.237224633,4.768475882,4.71297386,4.578269092,4.826437618,4.401214493,4.246104336,3.311255528,3.391156273,2.97080334,2.611067224,2.318541794,2.420444311,,,
经合组织成员,OED,石油发电量（占总发电量的比例）,EG.ELC.PETR.ZS,6.853946402,7.474949022,7.92493293,8.349859416,10.13070287,10.62523774,11.37541333,12.44191512,13.48442847,16.29937197,18.94996134,21.57285334,23.75059489,25.29861671,23.73515113,22.22839804,22.92234156,22.35251742,22.01255115,19.84456931,17.4476326,15.56027147,13.46901436,12.21954731,10.98692358,9.052121712,9.206504107,8.778613029,9.219200027,9.792036178,7.918351393,7.892071771,7.917557523,7.376174776,7.437060734,6.731234504,6.464893228,6.423161288,6.550097077,6.119756493,5.700499707,5.614845185,5.281611823,5.286082466,4.969119662,4.760115771,3.735290827,3.797107053,3.364158485,2.979838686,2.63637341,2.752184188,,,
阿曼,OMN,石油发电量（占总发电量的比例）,EG.ELC.PETR.ZS,,,,,,,,,,,,100,100,100,100,100,100,100,43.58974359,14.33333333,21.51589242,25.9082218,27.71450266,27.12074303,27.13293651,26.06084868,22.20125786,21.16745283,18.95043732,17.82531194,18.37369473,18.87567568,18.77566986,18.85822047,19.16747338,19.52307692,17.45074978,16.46624761,16.59756098,16.68845834,17.166063,17.66457841,18.00406543,18.00448012,18.00156535,18.0028463,18.00255889,17.99957648,17.99861015,17.9992145,17.99788082,17.99853708,,,
其他小国,OSS,石油发电量（占总发电量的比例）,EG.ELC.PETR.ZS,,,,,,,,,,,,,,,,,,,,,,,,,,,,,,,,,,,,,,,,,,,,,,,,,,,,,,,
巴基斯坦,PAK,石油发电量（占总发电量的比例）,EG.ELC.PETR.ZS,,,,,,,,,,,,4.160063391,4.160063391,3.211173451,7.480141218,10.60255507,5.11627907,5.010572768,0.856565657,0.303372372,1.10858822,3.972108081,8.785617368,13.51474844,12.41256343,14.49810894,13.88878034,14.65352054,17.16478801,19.06014277,20.56645343,22.38776901,25.53779963,29.71014493,29.41275324,30.80745124,36.45496829,38.22057759,35.20358256,39.694436,39.5053211,35.97680519,32.1990912,15.73054559,15.85316048,20.32462273,28.63446873,32.23709649,35.39715801,37.96436059,35.20798704,35.4090995,,,
巴拿马,PAN,石油发电量（占总发电量的比例）,EG.ELC.PETR.ZS,,,,,,,,,,,,90.54505006,91.5590864,91.17896522,90.49207673,91.36690647,89.48863636,76.19367855,51.13182423,53.69014085,45.58498896,25.61939905,44.49233716,57.97230907,29.03663501,18.14049587,16.81484345,21.97678772,11.41070731,13.64341085,14.73130402,25.59139785,33.27592146,25.73879886,28.02737281,30.86104007,20.99895397,27.82029129,48.38940587,31.13537118,29.56824228,50.78064012,35.40525222,48.99569584,33.98715501,35.6958984,39.82300885,43.08880309,37.93371713,43.5926938,43.17293436,41.05892834,,,
秘鲁,PER,石油发电量（占总发电量的比例）,EG.ELC.PETR.ZS,,,,,,,,,,,,23.86153588,25.69974555,24.47447447,24.27157779,22.8991316,20.50277918,24.25507246,23.89319945,23.17573402,27.37513708,22.20052083,22.24964739,22.03707171,22.68979002,18.91668731,18.7442076,19.22033414,19.76829988,20.61630364,21.49478563,18.18809557,23.78448407,18.39546191,18.5049792,18.53939544,20.53033812,23.75884549,21.04441454,18.46638655,12.31294567,8.744826259,8.506573261,9.165067179,13.6878994,6.686536727,5.979969296,2.879957235,5.538082023,4.87715995,5.645183761,5.792519695,,,
菲律宾,PHL,石油发电量（占总发电量的比例）,EG.ELC.PETR.ZS,,,,,,,,,,,,99.86878075,99.88459319,85.68936751,81.79658159,83.36503292,80.77602609,84.70159151,81.41165873,78.29945434,67.90493642,62.50874455,58.31186231,55.87769181,44.66477809,34.90731793,32.14455993,45.23893649,42.67492563,42.88116373,47.22908041,49.92007486,53.88094318,52.17276797,55.55774343,56.83727581,49.79442917,48.03377139,43.74909808,28.47798803,20.2804151,20.97130712,12.98409227,13.5436343,15.19738371,10.85615288,8.21548703,8.635990002,8.003814472,8.690105134,10.48241859,4.912108246,,,
帕劳,PLW,石油发电量（占总发电量的比例）,EG.ELC.PETR.ZS,,,,,,,,,,,,,,,,,,,,,,,,,,,,,,,,,,,,,,,,,,,,,,,,,,,,,,,
巴布亚新几内亚,PNG,石油发电量（占总发电量的比例）,EG.ELC.PETR.ZS,,,,,,,,,,,,,,,,,,,,,,,,,,,,,,,,,,,,,,,,,,,,,,,,,,,,,,,
波兰,POL,石油发电量（占总发电量的比例）,EG.ELC.PETR.ZS,0.105867086,0.170595533,0.226218754,0.381689721,0.773589554,0.632622299,0.597613768,0.730169267,0.832867625,0.812262326,2.187310803,2.302371399,2.303899007,2.337083472,2.357813544,2.321664738,2.099413399,2.514574248,2.967312654,3.193001079,2.887358299,2.466507198,1.932350569,1.763270827,1.454293629,1.238371836,1.174868534,1.18377847,1.145385,1.17988543,1.168024402,1.151226569,1.114877532,1.192906305,1.264873138,1.11133813,1.255010836,1.34884876,1.35113056,1.350704638,1.338231802,1.668510517,1.667380122,1.637235099,1.643395608,1.774599476,1.809484711,1.759878056,1.762006334,1.801867378,1.840994595,1.503819321,1.286493979,,
波多黎各,PRI,石油发电量（占总发电量的比例）,EG.ELC.PETR.ZS,,,,,,,,,,,,,,,,,,,,,,,,,,,,,,,,,,,,,,,,,,,,,,,,,,,,,,,
朝鲜民主主义人民共和国,PRK,石油发电量（占总发电量的比例）,EG.ELC.PETR.ZS,,,,,,,,,,,,2.375504711,6.265903308,5.82026538,5.883027523,2.579234973,4.957627119,2.929085303,3.592814371,3.588748788,2.014150943,1.831955923,2.482110912,2.009590235,5.807823129,3.059760956,5.126482213,4.754789272,4.415770609,2.815068493,3.631768953,0.467680608,0.453441296,0.131221719,0.138528139,1.456521739,4.840375587,5.341968912,6.064705882,5.543010753,4.108247423,5.004950495,5.127167922,4.70022382,4.532629471,3.644219439,2.848101266,3.535752451,3.36550892,2.820767665,2.626355874,2.681460934,,,
葡萄牙,PRT,石油发电量（占总发电量的比例）,EG.ELC.PETR.ZS,2.439768222,2.141680395,0.568181818,0.805338242,0.933416304,2.058319039,0.501702204,2.909519004,5.34742235,1.589848308,14.53347674,16.4893617,16.07466063,19.20955882,21.85306504,35.11821325,47.11327892,24.48638838,22.761833,26.54669563,42.89096409,59.02777778,51.01907925,52.0301335,46.55379005,35.10366826,38.73173611,25.66283639,15.61998216,45.90394927,33.14759302,33.86125963,46.74983142,32.55393943,25.68128151,31.09127104,17.54538853,19.84884879,27.46382957,25.63690559,19.4157521,20.22613065,24.98795181,13.48423293,12.7110893,19.03308219,10.80163043,10.384681,9.122297728,6.638643575,5.602324369,5.173078406,5.2683591,,
巴拉圭,PRY,石油发电量（占总发电量的比例）,EG.ELC.PETR.ZS,,,,,,,,,,,,13.19148936,11.92307692,9.523809524,6.909788868,5.227655987,5.960264901,32.04903678,52.46478873,29.95658466,8.474576271,6.573957016,4.131054131,2.965599051,2.479338843,0.562484715,0.352585628,0.220453812,0.125075045,0.016438581,0.025749494,0.037477428,0.040529089,0.044534928,0.019221792,0.265170348,0.03346123,0.021626298,0.021618222,0.028862805,0,0,0,0,0,0,0,0,0,0,0.001849591,0.001735328,,,
太平洋岛国,PSS,石油发电量（占总发电量的比例）,EG.ELC.PETR.ZS,,,,,,,,,,,,,,,,,,,,,,,,,,,,,,,,,,,,,,,,,,,,,,,,,,,,,,,
法属波利尼西亚,PYF,石油发电量（占总发电量的比例）,EG.ELC.PETR.ZS,,,,,,,,,,,,,,,,,,,,,,,,,,,,,,,,,,,,,,,,,,,,,,,,,,,,,,,
卡塔尔,QAT,石油发电量（占总发电量的比例）,EG.ELC.PETR.ZS,,,,,,,,,,,,9.523809524,9.595959596,9.523809524,10.2173913,17.92,10.48689139,17.40850643,11.34173462,5.535983895,2.690397351,2.067464635,1.994115724,1.29789864,1.571709234,0.785008863,0.886400746,0.870162583,0,0,0,0,0,0,0,0,0,0,0,0,0,0,0,0,0,0,0,0,0,0,0,0,,,
罗马尼亚,ROU,石油发电量（占总发电量的比例）,EG.ELC.PETR.ZS,,,,,,,,,,,,7.046180362,8.089504823,9.555569807,10.81896376,3.587051619,14.88861429,18.97156604,22.57567504,22.1289637,9.634590878,18.5733839,16.3431125,17.28437233,16.03946028,9.408504832,13.51652137,12.58555287,8.893815884,10.92141172,18.384674,10.79872542,8.203708829,9.795226765,10.49405107,9.78469949,10.92583537,12.00916917,7.738896366,7.602050878,6.544845381,10.03415884,6.536592495,6.588683351,3.892104285,3.18785451,2.56152607,1.777114783,1.077652565,1.785559654,1.141556278,1.240342586,,,
俄罗斯联邦,RUS,石油发电量（占总发电量的比例）,EG.ELC.PETR.ZS,,,,,,,,,,,,,,,,,,,,,,,,,,,,,,,11.49330223,11.2574579,9.653031881,8.147832693,8.234834223,7.728287619,6.465870763,5.89168649,6.378443673,4.822398376,3.763514469,3.372415057,3.081483214,2.963269199,2.570585167,2.229911087,2.44892415,1.699231991,1.549164075,1.61649218,0.897100325,2.596863631,,,
卢旺达,RWA,石油发电量（占总发电量的比例）,EG.ELC.PETR.ZS,,,,,,,,,,,,,,,,,,,,,,,,,,,,,,,,,,,,,,,,,,,,,,,,,,,,,,,
南亚,SAS,石油发电量（占总发电量的比例）,EG.ELC.PETR.ZS,,,,,,,,,,,,6.585091219,7.355986181,7.475924486,7.195158869,7.046332613,5.868160705,6.05804715,5.739249005,6.386885222,6.170776885,5.632297796,6.249205,6.939802748,6.394092402,6.247025535,5.7856831,5.815415641,5.591788078,5.33872998,5.311067404,5.238591053,6.026051381,6.058510222,5.975444243,6.085214537,8.241761201,8.410406136,7.850643747,8.269471796,8.478346225,7.828460258,7.570869567,5.824642688,5.508661701,5.750055674,5.979741862,5.326949248,5.657377879,5.22839271,5.120922121,4.433490209,,,
沙特阿拉伯,SAU,石油发电量（占总发电量的比例）,EG.ELC.PETR.ZS,,,,,,,,,,,,100,100,100,100,100,74.51247166,66.98076168,60.21230215,61.52765905,28.34441619,40.08163265,45.49100632,42.48934356,43.47250992,42.39805015,44.61444822,49.12089872,50.66738114,48.71877841,22.45983123,23.09926903,23.38118993,22.42860281,20.92800409,23.11080678,23.52394327,24.97907872,25.81506329,29.89119019,27.68105491,28.63255856,27.84331433,31.89084967,30.05285379,30.07767255,32.35226033,35.4286614,35.31047992,27.75494974,24.06911404,26.4506532,,,
苏丹,SDN,石油发电量（占总发电量的比例）,EG.ELC.PETR.ZS,,,,,,,,,,,,50.50505051,35.28368794,30,28.17337461,27.39130435,24.69959947,33.91521197,36.99421965,38.2780083,29.9877601,29.96432818,29.96670366,30.01071811,30.01007049,40.03254679,34.82810164,34.80783176,35.26850508,34.43223443,36.76567657,37.50752559,33.35373317,35.29062871,39.66630786,47.85407725,47.93989336,50.97674419,46.94811801,50.06190673,53.95095368,55.35211268,58.38991271,65.32498509,68.07037785,67.04129639,69.6969697,71.10137423,73.42898656,50.26960407,19.98192849,24.81395349,,,
塞内加尔,SEN,石油发电量（占总发电量的比例）,EG.ELC.PETR.ZS,,,,,,,,,,,,90.05235602,90.5,91.40271493,91.33333333,91.85803758,92.39766082,92.94532628,93.5483871,94.08284024,94.08284024,94.25770308,93.91691395,94.51871658,94.79553903,94.76961395,94.75655431,94.9132948,92.25589226,92.18241042,93.01587302,93.70485036,94.86203616,90.93539055,89.34579439,80.12367491,82.37738986,89.23315259,90.62038405,94.77825465,89.90024938,91.49048626,79.10958904,72.71880819,75.44169611,79.40251572,85.11685117,88.32831325,85.75593503,86.38908328,86.60395718,86.19774386,,,
新加坡,SGP,石油发电量（占总发电量的比例）,EG.ELC.PETR.ZS,,,,,,,,,,,,100,100,100,100,100,100,100,100,100,100,100,100,100,100,100,98.40225564,98.57250819,98.7035766,98.79739672,98.91816215,97.10419006,85.38531176,64.56070035,66.52117608,68.02733321,70.85477178,73.88653431,71.89427313,78.1402439,79.95262909,69.04107105,53.77048234,35.09849428,27.19839179,23.09946877,19.78094417,18.4304573,17.08655944,15.39326111,18.70164224,18.40040001,,,
所罗门群岛,SLB,石油发电量（占总发电量的比例）,EG.ELC.PETR.ZS,,,,,,,,,,,,,,,,,,,,,,,,,,,,,,,,,,,,,,,,,,,,,,,,,,,,,,,
塞拉利昂,SLE,石油发电量（占总发电量的比例）,EG.ELC.PETR.ZS,,,,,,,,,,,,,,,,,,,,,,,,,,,,,,,,,,,,,,,,,,,,,,,,,,,,,,,
萨尔瓦多,SLV,石油发电量（占总发电量的比例）,EG.ELC.PETR.ZS,,,,,,,,,,,,29.26829268,45.2970297,46.34678299,43.34677419,54.34343434,37.07865169,27.63975155,10.9078114,0.461437047,1.506849315,4.276550249,5.684210526,4.285714286,4.027261462,6.623681125,4.009575105,17.11568938,12.56940939,8.078817734,6.807935077,26.29516761,24.13937867,31.80021559,41.05497299,42.17522659,31.49792777,46.59788065,46.56953642,35.80347448,41.93070773,45.85663447,48.6388822,42.78292297,45.39400666,41.79444675,42.63744034,43.80591879,37.48324397,43.70792336,34.97076023,34.05684755,,,
圣马力诺,SMR,石油发电量（占总发电量的比例）,EG.ELC.PETR.ZS,,,,,,,,,,,,,,,,,,,,,,,,,,,,,,,,,,,,,,,,,,,,,,,,,,,,,,,
索马里,SOM,石油发电量（占总发电量的比例）,EG.ELC.PETR.ZS,,,,,,,,,,,,,,,,,,,,,,,,,,,,,,,,,,,,,,,,,,,,,,,,,,,,,,,
塞尔维亚,SRB,石油发电量（占总发电量的比例）,EG.ELC.PETR.ZS,,,,,,,,,,,,,,,,,,,,,,,,,,,,,,,4.600957312,4.76841306,1.701929401,0.932098765,0.734567901,0.719340991,1.189023525,1.51381658,0.825222175,1.11343909,0.922671353,0.913748933,0.707358813,0.757789968,0.390065276,1.87256676,0.890874702,1.384404925,0.466997909,0.273071927,0.296609037,0.186724174,,,
撒哈拉以南非洲,SSA,石油发电量（占总发电量的比例）,EG.ELC.PETR.ZS,,,,,,,,,,,,3.620294241,3.746606828,3.617084939,2.678358963,2.742830871,2.740977203,3.020713011,3.187403158,3.009362266,2.656176595,2.212413389,2.306243631,2.491667989,2.548117822,2.251544688,2.552467119,2.69024876,2.475639632,2.052688628,1.968300122,1.836177679,2.126447418,2.115775853,2.210613481,2.710381313,2.355018111,2.468746687,1.930549775,2.33121575,2.127011369,2.258058826,3.042223789,2.082636234,2.625916331,2.864886502,2.970757232,3.332473817,3.397713706,3.818815827,3.133038269,3.502800505,,,
南苏丹,SSD,石油发电量（占总发电量的比例）,EG.ELC.PETR.ZS,,,,,,,,,,,,,,,,,,,,,,,,,,,,,,,,,,,,,,,,,,,,,,,,,,,,,,,
撒哈拉以南非洲地区（所有收入水平）,SSF,石油发电量（占总发电量的比例）,EG.ELC.PETR.ZS,,,,,,,,,,,,3.600553871,3.726177714,3.597362069,2.663754682,2.727875044,2.726031483,3.004241977,3.170023213,2.992953124,2.641693267,2.200349769,2.293668382,2.478081677,2.534223707,2.239267695,2.538549288,2.675579647,2.462140718,2.041495938,1.957567576,1.826165558,2.114852543,2.104239168,2.198559675,2.695602424,2.342176909,2.455285359,1.920023071,2.318504336,2.115413419,2.245746314,3.025635463,2.071280248,2.611598003,2.849265143,2.954558592,3.314302845,3.379187001,3.79799298,3.115954759,3.483700794,,,
小国,SST,石油发电量（占总发电量的比例）,EG.ELC.PETR.ZS,,,,,,,,,,,,,,,,,,,,,,,,,,,,,,,,,,,,,,,,,,,,,,,,,,,,,,,
圣多美和普林西比,STP,石油发电量（占总发电量的比例）,EG.ELC.PETR.ZS,,,,,,,,,,,,,,,,,,,,,,,,,,,,,,,,,,,,,,,,,,,,,,,,,,,,,,,
苏里南,SUR,石油发电量（占总发电量的比例）,EG.ELC.PETR.ZS,,,,,,,,,,,,,,,,,,,,,,,,,,,,,,,,,,,,,,,,,,,,,,,,,,,,,,,
斯洛伐克共和国,SVK,石油发电量（占总发电量的比例）,EG.ELC.PETR.ZS,,,,,,,,,,,,15.08513576,14.90315487,17.70875681,21.78333075,24.38477074,24.36453813,32.50146992,32.89269051,29.22282254,17.9446086,12.98147678,8.749367089,10.95569884,8.337093297,7.573479152,5.309958279,5.553152841,5.032900587,4.239316239,6.41251912,10.26338568,6.783746556,6.479787057,3.763060727,2.800060542,4.789031194,2.857941165,4.783926628,1.202632983,0.655886746,2.165996986,2.185520924,2.284902859,2.419566645,2.363485583,2.31032607,2.545532769,2.367872045,2.415216636,2.184678124,2.071549774,1.928987811,,
斯洛文尼亚,SVN,石油发电量（占总发电量的比例）,EG.ELC.PETR.ZS,,,,,,,,,,,,,,,,,,,,,,,,,,,,,,,7.87528126,4.394224733,2.503240441,2.184831743,2.101589763,2.036707194,2.029562687,2.648755313,1.048951049,1.070728397,0.403699354,0.871007881,0.452116728,0.361794501,0.281579464,0.277832903,0.34402911,0.192780695,0.097566925,0.170721297,0.049236829,0.100546723,0.057963547,,
瑞典,SWE,石油发电量（占总发电量的比例）,EG.ELC.PETR.ZS,10.10419052,4.793220868,3.997623704,6.655176659,5.057121433,5.367691994,9.93204804,8.277284382,13.25031133,27.85126244,30.94923757,21.1455797,22.23633344,19.44273636,19.95340168,12.80539279,17.46226502,17.80217582,11.78566815,13.03305072,10.37833797,4.152810999,3.979419567,1.978524649,1.228218191,2.279202279,2.06106428,1.679716668,1.385598835,1.011083434,0.891193555,1.354017827,1.798733691,2.143934126,2.894183602,2.66297128,5.134860304,2.501239897,2.119767493,2.028571798,1.055559763,1.429499675,2.014314928,2.859379963,1.288297851,0.870773214,1.164803261,0.723678464,0.582411571,0.534391379,1.194934663,0.526441892,0.610530134,,
斯威士兰,SWZ,石油发电量（占总发电量的比例）,EG.ELC.PETR.ZS,,,,,,,,,,,,,,,,,,,,,,,,,,,,,,,,,,,,,,,,,,,,,,,,,,,,,,,
圣马丁(荷属),SXM,石油发电量（占总发电量的比例）,EG.ELC.PETR.ZS,,,,,,,,,,,,,,,,,,,,,,,,,,,,,,,,,,,,,,,,,,,,,,,,,,,,,,,
塞舌尔,SYC,石油发电量（占总发电量的比例）,EG.ELC.PETR.ZS,,,,,,,,,,,,,,,,,,,,,,,,,,,,,,,,,,,,,,,,,,,,,,,,,,,,,,,
阿拉伯叙利亚共和国,SYR,石油发电量（占总发电量的比例）,EG.ELC.PETR.ZS,,,,,,,,,,,,96.20817844,95.89675711,98.80534083,80.42704626,62.33048719,36.23188406,14.92944925,23.68512713,29.31332949,31.94444444,40.59111206,48.68442826,57.58853288,49.53488372,52.20308939,57.63031982,57.69182626,60.13105887,54.4045911,55.97278443,44.2565071,45.78888712,48.93970565,55.65142932,53.17689531,53.9174527,53.76691267,54.93170755,54.5072089,50.08922552,45.87451333,45.76803627,41.78715335,45.80852324,50.51381136,51.37193895,59.76916309,61.68978378,50.02309042,39.44584491,39.63825799,,,
特克斯科斯群岛,TCA,石油发电量（占总发电量的比例）,EG.ELC.PETR.ZS,,,,,,,,,,,,,,,,,,,,,,,,,,,,,,,,,,,,,,,,,,,,,,,,,,,,,,,
乍得,TCD,石油发电量（占总发电量的比例）,EG.ELC.PETR.ZS,,,,,,,,,,,,,,,,,,,,,,,,,,,,,,,,,,,,,,,,,,,,,,,,,,,,,,,
多哥,TGO,石油发电量（占总发电量的比例）,EG.ELC.PETR.ZS,,,,,,,,,,,,50.32679739,62.25165563,62.37623762,42.85714286,30.14705882,36.13445378,26.92307692,27.54237288,64.1509434,25.49019608,28.30188679,26.92307692,65.45454545,74.32432432,31.53153153,28.97196262,31.53153153,36.13445378,25.78125,39.87341772,31.80212014,23.35329341,20.41522491,40.08097166,17.47572816,20.16806723,35.41666667,42.85714286,51.86915888,42.85714286,59.3495935,42.76315789,29.54545455,55.37634409,59.78835979,57.46606335,47.95918367,24.3902439,24.40944882,24.24242424,24.46043165,,,
泰国,THA,石油发电量（占总发电量的比例）,EG.ELC.PETR.ZS,,,,,,,,,,,,53.61007279,66.59414226,69.53091379,62.09601082,55.67535545,59.0474252,67.69574944,79.43340983,66.2575318,81.40163594,59.81521244,35.86917455,38.30610946,30.26541096,14.75253532,13.61815754,7.870305738,9.752341055,12.73057798,23.49465773,25.42791671,26.4475113,28.77757976,29.67391152,30.47213516,28.51339017,23.42801364,20.73468663,17.80339631,10.44833658,2.858816637,2.591434049,2.70295684,6.164944682,6.59924204,6.145219184,2.687302097,1.130736776,0.485211168,0.737847766,1.321913505,,,
塔吉克斯坦,TJK,石油发电量（占总发电量的比例）,EG.ELC.PETR.ZS,,,,,,,,,,,,,,,,,,,,,,,,,,,,,,,0,0,0,0,0,0,0,0,0,0,0,0,0,0,0,0,0,0,0,0,0,0,,,
土库曼斯坦,TKM,石油发电量（占总发电量的比例）,EG.ELC.PETR.ZS,,,,,,,,,,,,,,,,,,,,,,,,,,,,,,,0,0,0,0,0,0,0,0,0,0,0,0,0,0,0,0,0,0,0,0,0,0,,,
东帝汶,TLS,石油发电量（占总发电量的比例）,EG.ELC.PETR.ZS,,,,,,,,,,,,,,,,,,,,,,,,,,,,,,,,,,,,,,,,,,,,,,,,,,,,,,,
汤加,TON,石油发电量（占总发电量的比例）,EG.ELC.PETR.ZS,,,,,,,,,,,,,,,,,,,,,,,,,,,,,,,,,,,,,,,,,,,,,,,,,,,,,,,
特立尼达和多巴哥,TTO,石油发电量（占总发电量的比例）,EG.ELC.PETR.ZS,,,,,,,,,,,,3.935418769,2.252252252,1.990950226,2.951388889,2.092414996,2.237654321,2.682255846,1.477199743,3.126684636,2.26044226,1.13735783,0.890207715,0.550774527,0.964737192,0.330797221,0.820419325,0.20109164,0.086083214,0.087514586,0.083869164,0.080645161,0.075452716,0.078595756,0,0,0,0,0.232153221,0.171526587,0.05495512,0.053153792,0.053153792,0.093211123,0.139968896,0.170019836,0.217359803,0.234283483,0.27333073,0.310277957,0.282852092,0.270666516,,,
突尼斯,TUN,石油发电量（占总发电量的比例）,EG.ELC.PETR.ZS,,,,,,,,,,,,94.38444924,88.45789972,61.06870229,46.77177177,47.58522727,51.69385194,60.80931264,59.46205572,61.45454545,64.50068399,63.29113924,60.80782581,67.30498451,39.94845361,27.5159839,58.55775651,34.52680067,46.059208,49.5014771,35.53605231,62.66998342,45.35367545,48.84528302,24.6169126,14.70856696,13.62432194,15.28940233,12.08585581,12.74382315,11.5987165,9.857794944,10.10049827,0.885739593,1.273031826,1.650738488,7.61751646,10.63318777,4.991993316,3.455284553,0.024850895,0.06199628,,,
土耳其,TUR,石油发电量（占总发电量的比例）,EG.ELC.PETR.ZS,8.277087034,7.804716041,7.612359551,7.331157419,7.144461919,9.166161922,8.557016754,24.69811625,19.44925029,23.16917581,30.15191929,41.18188324,43.95623944,51.35613682,44.83935594,34.47481278,29.64502543,33.46948699,30.76958483,25.08658201,25.05263158,23.54800794,22.38626092,27.15471533,23.01963218,20.6961045,17.63698199,12.3914955,6.876456876,8.162324187,6.850529169,5.46758291,7.830180274,7.010080208,7.083668492,6.692406692,6.894225296,6.92863228,7.136423412,6.938337341,7.453450953,8.447341617,8.302936631,6.542135851,5.089649498,3.385487416,2.461726953,3.406801073,3.789474745,2.465967189,1.032157873,0.394083516,0.68393341,,
图瓦卢,TUV,石油发电量（占总发电量的比例）,EG.ELC.PETR.ZS,,,,,,,,,,,,,,,,,,,,,,,,,,,,,,,,,,,,,,,,,,,,,,,,,,,,,,,
坦桑尼亚,TZA,石油发电量（占总发电量的比例）,EG.ELC.PETR.ZS,,,,,,,,,,,,37.06720978,40.22346369,49.14089347,51.40495868,31.91153239,24.92492492,24.30858806,25.17985612,31.640625,13.63636364,12.25728155,12.40963855,12.95641932,15.18438178,12.80788177,9.773123909,9.512578616,9.143686502,5.964214712,4.852579853,5.268935236,9.140969163,9.476439791,12.19101124,16.11226611,10.41461007,24.44556452,1.162790698,6.719865603,10.92741935,2.21576462,1.050788091,1.391500564,1.452198467,16.51195499,19.06005222,0.927281601,0.93266606,0.916201117,0.80297689,0.773293097,,,
乌干达,UGA,石油发电量（占总发电量的比例）,EG.ELC.PETR.ZS,,,,,,,,,,,,,,,,,,,,,,,,,,,,,,,,,,,,,,,,,,,,,,,,,,,,,,,
乌克兰,UKR,石油发电量（占总发电量的比例）,EG.ELC.PETR.ZS,,,,,,,,,,,,,,,,,,,,,,,,,,,,,,,16.0773007,13.83575074,8.964120531,7.37283856,5.129912734,5.361132179,2.706458407,1.308582547,1.30208635,0.82992137,0.693061792,0.61399397,0.46666513,0.360694309,0.313135197,0.315201196,0.359669415,0.386978357,0.50990207,0.975699664,0.435880032,0.284692763,,,
中高等收入国家,UMC,石油发电量（占总发电量的比例）,EG.ELC.PETR.ZS,,,,,,,,,,,,16.13623643,17.68328762,19.65732169,19.03563287,18.88775747,21.18303502,21.03977594,21.71683264,21.81109536,21.83502213,21.26954944,19.86041927,20.17051216,18.61958461,16.47933958,16.48691827,15.12375775,13.99929132,13.59628164,15.53400215,14.91257469,14.2081224,13.82367366,12.70038031,12.20562327,11.64296607,11.46381966,11.54377236,10.89206323,10.14686168,9.49813632,8.518773046,7.05630256,7.259263202,6.085985913,5.308102081,4.460216394,4.192172496,3.841326152,3.472908231,3.599985163,,,
乌拉圭,URY,石油发电量（占总发电量的比例）,EG.ELC.PETR.ZS,,,,,,,,,,,,38.69763584,58.56672158,38.65150921,42.55939975,54.53821656,54.40414508,45.75747166,46.80713128,56.14740369,24.17391304,20.7864018,18.1611436,1.837234622,1.300498063,1.922203723,1.078748652,3.388933016,21.77592885,31.24235541,5.051047824,12.09574013,10.23710529,7.771371271,1.207507547,6.453147297,12.90854573,8.827644096,3.877508361,22.8940784,6.615709014,0.205405405,0.322748568,0.128220072,18.38122768,12.45769331,35.07210255,12.92170592,39.01243015,31.04770497,11.75989086,27.22351121,,,
美国,USA,石油发电量（占总发电量的比例）,EG.ELC.PETR.ZS,6.422577059,6.23997296,5.799547806,5.726418405,5.854436759,6.220290399,6.97403116,7.410410526,7.905655016,9.667085884,12.12396645,13.81958224,15.83807328,17.09379097,16.45073531,15.38072555,16.01468131,17.16725182,16.86267129,13.76344842,10.84377008,9.063103195,6.609050191,6.313249273,5.00219879,4.089203026,5.53641214,4.66614922,5.574550689,5.604328291,4.079195382,3.904248684,3.256561417,3.740476247,3.49139442,2.450248344,2.649535336,2.94968711,3.866443563,3.503734732,2.943005078,3.374907622,2.636052711,3.379207423,3.353093479,3.309762006,1.839082987,1.807066468,1.330331093,1.211049903,1.104319698,0.913506486,0.678423073,,
乌兹别克斯坦,UZB,石油发电量（占总发电量的比例）,EG.ELC.PETR.ZS,,,,,,,,,,,,,,,,,,,,,,,,,,,,,,,4.418996893,8.898735346,6.874742197,3.743718082,3.251046025,11.22584452,11.16052753,11.90558909,11.90631808,10.68941197,10.05462615,9.924210526,9.419995944,8.585020243,7.864,6.632113821,5.862136685,4.175689479,2.947368421,2.078078078,1.465867337,1.036259542,,,
圣文森特和格林纳丁斯,VCT,石油发电量（占总发电量的比例）,EG.ELC.PETR.ZS,,,,,,,,,,,,,,,,,,,,,,,,,,,,,,,,,,,,,,,,,,,,,,,,,,,,,,,
委内瑞拉玻利瓦尔共和国,VEN,石油发电量（占总发电量的比例）,EG.ELC.PETR.ZS,,,,,,,,,,,,9.618073442,14.5851354,19.05746427,16.05049088,16.73631314,13.60736376,9.901596326,15.4724533,24.05706153,32.36041672,35.37290323,32.65596423,28.6278495,21.19184759,19.03150772,16.28751596,14.0157393,12.68950124,15.60569247,11.50351478,5.442316497,6.849051008,6.188925081,3.466674155,3.18465267,2.348256337,3.595721514,5.893550221,6.132245141,8.977260733,10.59709939,14.06392893,16.44296764,12.53754363,12.9535889,12.41757948,11.47054459,12.54096918,12.97374143,15.2242967,14.26687094,,,
美属维京群岛,VIR,石油发电量（占总发电量的比例）,EG.ELC.PETR.ZS,,,,,,,,,,,,,,,,,,,,,,,,,,,,,,,,,,,,,,,,,,,,,,,,,,,,,,,
越南,VNM,石油发电量（占总发电量的比例）,EG.ELC.PETR.ZS,,,,,,,,,,,,0,0,0,0,0,0,0,0,0,18.26355718,20.41147807,21.31605691,26.64325138,21.97572206,23.98895246,25.27591822,25.38423401,21.96020634,15.18499486,15.03283032,16.19978284,16.69242658,19.18964547,16.03190104,8.840797378,8.634324835,11.37884173,16.94946514,13.89702449,17.01366665,15.54168845,12.25276567,6.494807575,3.646475795,3.973460564,2.507728167,3.892072588,2.145893509,2.470694319,4.224313246,4.788312042,,,
瓦努阿图,VUT,石油发电量（占总发电量的比例）,EG.ELC.PETR.ZS,,,,,,,,,,,,,,,,,,,,,,,,,,,,,,,,,,,,,,,,,,,,,,,,,,,,,,,
约旦河西岸和加沙,PSE,石油发电量（占总发电量的比例）,EG.ELC.PETR.ZS,,,,,,,,,,,,,,,,,,,,,,,,,,,,,,,,,,,,,,,,,,,,,,,,,,,,,,,
世界,WLD,石油发电量（占总发电量的比例）,EG.ELC.PETR.ZS,,,,,,,,,,,,18.01426633,19.79120091,21.13803325,19.80969932,18.6983257,19.48760651,19.08324855,18.88540929,17.46865509,15.70271552,14.36786791,12.82298032,11.90292757,10.78918574,9.098896664,9.193471105,8.781944848,9.042518937,9.347496247,10.02389545,9.841300485,9.470481369,8.852453198,8.538036222,8.179045519,7.839861447,7.794585253,7.934861054,7.492787387,7.00449823,6.754355131,6.449449911,6.163245529,5.952908874,5.60185236,4.972132066,4.758264743,4.532315702,4.165628396,3.765036798,3.915748393,,,
萨摩亚,WSM,石油发电量（占总发电量的比例）,EG.ELC.PETR.ZS,,,,,,,,,,,,,,,,,,,,,,,,,,,,,,,,,,,,,,,,,,,,,,,,,,,,,,,
也门共和国,YEM,石油发电量（占总发电量的比例）,EG.ELC.PETR.ZS,,,,,,,,,,,,100,100,100,100,100,100,100,100,100,100,100,100,100,100,100,100,100,100,100,100,100,100,100,100,100,100,100,100,100,100,100,100,100,100,100,100,100,100,100,73.43991748,78.37576539,,,
南非,ZAF,石油发电量（占总发电量的比例）,EG.ELC.PETR.ZS,,,,,,,,,,,,0,0,0,0,0,0.03654326,0.016184654,0.015385344,0.018941926,0.034360441,0.021996199,0.017645279,0.034675781,0.03770516,0.029706332,0.028677555,0.027888631,0.032538376,0,0,0,0,0,0.160401392,0.210916976,0,0,0,0,0,0.002882218,0.003660255,0.001729745,0,0.032224081,0.024715867,0.442610365,0.055964527,0.019852926,0.076758829,0.075892995,,,
刚果（金）,COD,石油发电量（占总发电量的比例）,EG.ELC.PETR.ZS,,,,,,,,,,,,3.046544429,3.292065279,2.079002079,2.330935252,2.473684211,1.956947162,1.811594203,1.960784314,3.96806194,4.544431946,4.094778008,3.578110384,3.009961022,2.895553257,2.784761168,2.719200888,2.763865702,2.670623145,0.317139974,0.442477876,0.416587767,0.312860201,0.306582507,0.338855422,0.291403594,0.294647242,0.376759865,0.401861252,0.450788881,0.050008335,0.083626024,0.130761687,0.113507378,0.112898673,0.094607379,0.079533404,0.089058524,0.225793598,0.076579451,0.076064909,0.076122811,,,
赞比亚,ZMB,石油发电量（占总发电量的比例）,EG.ELC.PETR.ZS,,,,,,,,,,,,5.016447368,1.811163895,1.336104513,0.994132986,0.958817982,0.635974008,0.516157989,0.568462679,0.510997556,0.462365591,0.556052031,0.477737436,0.527520653,0.543757053,0.49652433,0.51072523,0.739736161,0.527577938,0.413349663,0.28703357,0.254227921,0.304090011,0.207367651,0.368550369,0.517415447,0.47452896,0.390379045,0.539260818,0.489438434,0.436009233,0.440639557,0.429342493,0.421280693,0.411425885,0.414055506,0.394337715,0.25440114,0.299092409,0.24017677,0.256591754,0.349222979,,,
津巴布韦,ZWE,石油发电量（占总发电量的比例）,EG.ELC.PETR.ZS,,,,,,,,,,,,0,0,0,0,0,0,0,0,0,0,0,0,0,0,0,0,0,0,0,0,0,0,0,0,0,0,0,0,0.592300099,0.943531094,0.417404503,0.17468266,0.170473917,0.216093846,0.233713117,0.146520147,0.308047747,0.385208012,0.282106394,0.294117647,0.302521008,,,
