CountryName,CountryCode,Indicator Name,Indicator Code,1960,1961,1962,1963,1964,1965,1966,1967,1968,1969,1970,1971,1972,1973,1974,1975,1976,1977,1978,1979,1980,1981,1982,1983,1984,1985,1986,1987,1988,1989,1990,1991,1992,1993,1994,1995,1996,1997,1998,1999,2000,2001,2002,2003,2004,2005,2006,2007,2008,2009,2010,2011,2012,2013,2014
阿鲁巴,ABW,煤炭发电量（千瓦时）,EG.ELC.COAL.KH,,,,,,,,,,,,,,,,,,,,,,,,,,,,,,,,,,,,,,,,,,,,,,,,,,,,,,,
安道尔共和国,AND,煤炭发电量（千瓦时）,EG.ELC.COAL.KH,,,,,,,,,,,,,,,,,,,,,,,,,,,,,,,,,,,,,,,,,,,,,,,,,,,,,,,
阿富汗,AFG,煤炭发电量（千瓦时）,EG.ELC.COAL.KH,,,,,,,,,,,,,,,,,,,,,,,,,,,,,,,,,,,,,,,,,,,,,,,,,,,,,,,
安哥拉,AGO,煤炭发电量（千瓦时）,EG.ELC.COAL.KH,,,,,,,,,,,,,,,,,,,0,0,0,0,0,0,0,0,0,0,0,0,0,0,0,0,0,0,0,0,0,0,0,0,0,0,0,0,0,0,0,0,0,0,,,
阿尔巴尼亚,ALB,煤炭发电量（千瓦时）,EG.ELC.COAL.KH,,,,,,,,,,,,,,,,,,,0,0,0,0,0,0,0,0,0,0,0,0,0,0,0,0,0,0,0,0,0,0,0,0,0,0,0,0,0,0,0,0,0,0,,,
阿拉伯联盟国家,ARB,煤炭发电量（千瓦时）,EG.ELC.COAL.KH,,,,,,,,,,,,307000000,666000000,791000000,883000000,1115000000,1154000000,1162000000,1217000000,907000000,1022000000,1196000000,1120000000,1364000000,1259000000,1144000000,2102000000,2748000000,2622000000,1978000000,2212000000,1816000000,1668000000,2535000000,2938000000,5968000000,5939000000,6403000000,7472000000,6908000000,8783000000,11639000000,11517000000,11751000000,12519000000,12731000000,12902000000,12457000000,11662000000,10863000000,10866000000,11679000000,,,
阿拉伯联合酋长国,ARE,煤炭发电量（千瓦时）,EG.ELC.COAL.KH,,,,,,,,,,,,,,,,,,,0,0,0,0,0,0,0,0,0,0,0,0,0,0,0,0,0,0,0,0,0,0,0,0,0,0,0,0,0,0,0,0,0,0,,,
阿根廷,ARG,煤炭发电量（千瓦时）,EG.ELC.COAL.KH,,,,,,,,,,,,729000000,615000000,631000000,678000000,650000000,627000000,535000000,756000000,680000000,819000000,894000000,733000000,900000000,581000000,607000000,1013000000,1003000000,1561000000,857000000,654000000,914000000,825000000,1166000000,2312000000,1879000000,1878000000,1789000000,1704000000,1973000000,1754000000,1349000000,806000000,930000000,1670000000,2172000000,1986000000,2328000000,2014000000,1991000000,2697000000,3238000000,,,
亚美尼亚,ARM,煤炭发电量（千瓦时）,EG.ELC.COAL.KH,,,,,,,,,,,,,,,,,,,,,,,,,,,,,,,0,0,0,0,0,0,0,0,0,0,0,0,0,0,0,0,0,0,0,0,0,0,,,
美属萨摩亚,ASM,煤炭发电量（千瓦时）,EG.ELC.COAL.KH,,,,,,,,,,,,,,,,,,,,,,,,,,,,,,,,,,,,,,,,,,,,,,,,,,,,,,,
安提瓜和巴布达,ATG,煤炭发电量（千瓦时）,EG.ELC.COAL.KH,,,,,,,,,,,,,,,,,,,,,,,,,,,,,,,,,,,,,,,,,,,,,,,,,,,,,,,
澳大利亚,AUS,煤炭发电量（千瓦时）,EG.ELC.COAL.KH,15963000000,16832000000,18553000000,19679000000,22122000000,23673000000,27256000000,29452000000,32040000000,34725000000,37513000000,37679000000,39979000000,48233000000,47179000000,50639000000,52225000000,59745000000,60698000000,63275000000,69762000000,72709000000,74204000000,77168000000,81630000000,89374000000,92857000000,1.01E+11,1.06E+11,1.14E+11,1.21E+11,1.26E+11,1.29E+11,1.31E+11,1.36E+11,1.39E+11,1.46E+11,1.51E+11,1.64E+11,1.68E+11,1.74E+11,1.87E+11,1.75E+11,1.72E+11,1.79E+11,1.82E+11,1.85E+11,1.87E+11,1.84E+11,1.86E+11,1.81E+11,1.73E+11,1.76E+11,,
奥地利,AUT,煤炭发电量（千瓦时）,EG.ELC.COAL.KH,2141000000,2809000000,2877000000,3160000000,3351000000,2632000000,2933000000,3028000000,3302000000,4042000000,2872000000,3700000000,3337000000,3189000000,3355000000,2798000000,3639000000,2485000000,2505000000,2377000000,2921000000,4361000000,3808000000,4227000000,4710000000,4780000000,4109000000,4930000000,3983000000,4800000000,7006000000,7786000000,5091000000,3740000000,3908000000,5173000000,6215000000,6857000000,5132000000,5455000000,6739000000,8033000000,7817000000,9512000000,9109000000,8486000000,8412000000,7647000000,6947000000,5032000000,6701000000,7321000000,6240000000,,
阿塞拜疆,AZE,煤炭发电量（千瓦时）,EG.ELC.COAL.KH,,,,,,,,,,,,,,,,,,,,,,,,,,,,,,,0,0,0,0,0,0,0,0,0,0,0,0,0,0,0,0,0,0,0,0,0,0,,,
布隆迪,BDI,煤炭发电量（千瓦时）,EG.ELC.COAL.KH,,,,,,,,,,,,,,,,,,,,,,,,,,,,,,,,,,,,,,,,,,,,,,,,,,,,,,,
比利时,BEL,煤炭发电量（千瓦时）,EG.ELC.COAL.KH,12933000000,13347000000,14660000000,14905000000,15273000000,15514000000,15641000000,14990000000,15337000000,13675000000,10268000000,8936000000,9471000000,8805000000,11059000000,8763000000,10604000000,11887000000,13431000000,14645000000,15589000000,17455000000,18837000000,16674000000,18147000000,14932000000,13935000000,15060000000,16212000000,17630000000,19855000000,19239000000,18524000000,18718000000,19586000000,19277000000,18206000000,16282000000,16890000000,12528000000,16030000000,12764000000,12660000000,11608000000,11481000000,10493000000,9216000000,8327000000,7235000000,6147000000,5948000000,5375000000,5486000000,,
贝宁,BEN,煤炭发电量（千瓦时）,EG.ELC.COAL.KH,,,,,,,,,,,,,,,,,,,0,0,0,0,0,0,0,0,0,0,0,0,0,0,0,0,0,0,0,0,0,0,0,0,0,0,0,0,0,0,0,0,0,0,,,
布基纳法索,BFA,煤炭发电量（千瓦时）,EG.ELC.COAL.KH,,,,,,,,,,,,,,,,,,,,,,,,,,,,,,,,,,,,,,,,,,,,,,,,,,,,,,,
孟加拉国,BGD,煤炭发电量（千瓦时）,EG.ELC.COAL.KH,,,,,,,,,,,,,,,,,,,0,0,0,0,0,0,0,0,0,0,0,0,0,0,0,0,0,0,0,0,0,0,0,0,0,0,0,47000000,276000000,741000000,1038000000,1031000000,729000000,780000000,,,
保加利亚,BGR,煤炭发电量（千瓦时）,EG.ELC.COAL.KH,,,,,,,,,,,,17129000000,18126000000,16967000000,16000000000,16372000000,14640000000,13972000000,14444000000,15295000000,17122000000,16930000000,19031000000,19219000000,20352000000,15174000000,17607000000,19200000000,16469000000,16961000000,21180000000,21000000000,18016000000,17398000000,17148000000,17561000000,17397000000,19178000000,18567000000,16486000000,17207000000,19757000000,17373000000,19462000000,19107000000,18625000000,19206000000,22463000000,23220000000,21103000000,22606000000,27537000000,,,
巴林,BHR,煤炭发电量（千瓦时）,EG.ELC.COAL.KH,,,,,,,,,,,,,,,,,,,0,0,0,0,0,0,0,0,0,0,0,0,0,0,0,0,0,0,0,0,0,0,0,0,0,0,0,0,0,0,0,0,0,0,,,
巴哈马,BHS,煤炭发电量（千瓦时）,EG.ELC.COAL.KH,,,,,,,,,,,,,,,,,,,,,,,,,,,,,,,,,,,,,,,,,,,,,,,,,,,,,,,
波斯尼亚和黑塞哥维那,BIH,煤炭发电量（千瓦时）,EG.ELC.COAL.KH,,,,,,,,,,,,,,,,,,,,,,,,,,,,,,,10500000000,8647000000,3117000000,960000000,749000000,722000000,2148000000,4074000000,4478000000,4580000000,5287000000,5365000000,5381000000,6628000000,6617000000,6463000000,7293000000,7627000000,9956000000,9331000000,8996000000,10806000000,,,
白俄罗斯,BLR,煤炭发电量（千瓦时）,EG.ELC.COAL.KH,,,,,,,,,,,,,,,,,,,,,,,,,,,,,,,0,0,0,0,0,0,0,0,0,0,0,0,0,0,0,0,0,0,0,2000000,14000000,8000000,,,
伯利兹,BLZ,煤炭发电量（千瓦时）,EG.ELC.COAL.KH,,,,,,,,,,,,,,,,,,,,,,,,,,,,,,,,,,,,,,,,,,,,,,,,,,,,,,,
百慕大,BMU,煤炭发电量（千瓦时）,EG.ELC.COAL.KH,,,,,,,,,,,,,,,,,,,,,,,,,,,,,,,,,,,,,,,,,,,,,,,,,,,,,,,
玻利维亚,BOL,煤炭发电量（千瓦时）,EG.ELC.COAL.KH,,,,,,,,,,,,,,,,,,,0,0,0,0,0,0,0,0,0,0,0,0,0,0,0,0,0,0,0,0,0,0,0,0,0,0,0,0,0,0,0,0,0,0,,,
巴西,BRA,煤炭发电量（千瓦时）,EG.ELC.COAL.KH,,,,,,,,,,,,1704000000,1982000000,1399000000,1318000000,1627000000,1500000000,1792000000,3059000000,3040000000,3437000000,4505000000,4671000000,3944000000,4864000000,4946000000,6184000000,5486000000,4865000000,5595000000,4754000000,5685000000,5100000000,5004000000,5030000000,5522000000,6096000000,7385000000,7056000000,9832000000,11006000000,11163000000,9204000000,9093000000,10582000000,10742000000,10500000000,10098000000,12076000000,9782000000,11338000000,12379000000,,,
巴巴多斯,BRB,煤炭发电量（千瓦时）,EG.ELC.COAL.KH,,,,,,,,,,,,,,,,,,,,,,,,,,,,,,,,,,,,,,,,,,,,,,,,,,,,,,,
文莱达鲁萨兰国,BRN,煤炭发电量（千瓦时）,EG.ELC.COAL.KH,,,,,,,,,,,,,,,,,,,0,0,0,0,0,0,0,0,0,0,0,0,0,0,0,0,0,0,0,0,0,0,0,0,0,0,0,0,0,0,0,0,0,0,,,
不丹,BTN,煤炭发电量（千瓦时）,EG.ELC.COAL.KH,,,,,,,,,,,,,,,,,,,,,,,,,,,,,,,,,,,,,,,,,,,,,,,,,,,,,,,
博茨瓦纳,BWA,煤炭发电量（千瓦时）,EG.ELC.COAL.KH,,,,,,,,,,,,,,,,,,,,,,419000000,428000000,398000000,422000000,464000000,547000000,856000000,683000000,737000000,798000000,902000000,1094000000,1088000000,1058000000,1020000000,739000000,743000000,1104000000,1101000000,920000000,986000000,867000000,695000000,736000000,861000000,860000000,720000000,631000000,550000000,457000000,372000000,,,
中非共和国,CAF,煤炭发电量（千瓦时）,EG.ELC.COAL.KH,,,,,,,,,,,,,,,,,,,,,,,,,,,,,,,,,,,,,,,,,,,,,,,,,,,,,,,
加拿大,CAN,煤炭发电量（千瓦时）,EG.ELC.COAL.KH,3917000000,4674000000,8471000000,13589000000,16353000000,19762000000,19923000000,22930000000,27271000000,29467000000,37558000000,41707000000,42221000000,34906000000,34791000000,36327000000,40927000000,48312000000,49912000000,52699000000,59808000000,63473000000,69188000000,73760000000,83970000000,79476000000,71655000000,84245000000,91773000000,91758000000,82220000000,88485000000,90030000000,82384000000,86651000000,87403000000,89992000000,99407000000,1.07E+11,1.08E+11,1.18E+11,1.18E+11,1.18E+11,1.13E+11,1.01E+11,1.10E+11,1.08E+11,1.16E+11,1.12E+11,86197000000,83324000000,76364000000,76364000000,,
,CEB,煤炭发电量（千瓦时）,EG.ELC.COAL.KH,28539000000,31130000000,33910000000,35512000000,38813000000,51174000000,55145000000,59328000000,62571000000,66018000000,68528000000,1.39E+11,1.52E+11,1.63E+11,1.68E+11,1.81E+11,1.87E+11,1.94E+11,2.04E+11,2.05E+11,2.17E+11,1.99E+11,2.10E+11,2.21E+11,2.31E+11,2.37E+11,2.41E+11,2.45E+11,2.45E+11,2.47E+11,2.55E+11,2.43E+11,2.41E+11,2.37E+11,2.37E+11,2.46E+11,2.51E+11,2.51E+11,2.46E+11,2.42E+11,2.59E+11,2.61E+11,2.55E+11,2.72E+11,2.69E+11,2.67E+11,2.75E+11,2.83E+11,2.71E+11,2.52E+11,2.61E+11,2.74E+11,,,
瑞士,CHE,煤炭发电量（千瓦时）,EG.ELC.COAL.KH,0,0,0,0,0,0,0,0,0,0,0,0,0,0,0,0,0,17000000,25000000,47000000,65000000,83000000,83000000,74000000,94000000,102000000,79000000,37000000,31000000,50000000,40000000,9000000,9000000,1000000,1000000,1000000,0,0,0,0,0,0,0,0,0,0,0,0,0,0,0,0,0,,
海峡群岛,CHI,煤炭发电量（千瓦时）,EG.ELC.COAL.KH,,,,,,,,,,,,,,,,,,,,,,,,,,,,,,,,,,,,,,,,,,,,,,,,,,,,,,,
智利,CHL,煤炭发电量（千瓦时）,EG.ELC.COAL.KH,,,,,,,,,,,,1376000000,854000000,1227000000,1061000000,802000000,989000000,1060000000,1201000000,1615000000,1890000000,1924000000,1142000000,1364000000,2100000000,1725000000,1585000000,1538000000,3017000000,5406000000,6525000000,4250000000,2601000000,2849000000,4693000000,6391000000,9499000000,9374000000,11342000000,12770000000,8467000000,4837000000,5052000000,4878000000,7718000000,7212000000,10599000000,13259000000,14112000000,14897000000,16866000000,19619000000,24015000000,,
中国,CHN,煤炭发电量（千瓦时）,EG.ELC.COAL.KH,,,,,,,,,,,,97513000000,97753000000,97713000000,96845000000,1.11E+11,1.04E+11,1.28E+11,1.59E+11,1.63E+11,1.64E+11,1.67E+11,1.82E+11,1.97E+11,2.24E+11,2.64E+11,3.03E+11,3.43E+11,3.77E+11,4.08E+11,4.43E+11,4.99E+11,5.67E+11,6.18E+11,6.96E+11,7.44E+11,8.24E+11,8.69E+11,8.85E+11,9.64E+11,1.06E+12,1.13E+12,1.28E+12,1.52E+12,1.72E+12,1.97E+12,2.30E+12,2.66E+12,2.74E+12,2.94E+12,3.25E+12,3.72E+12,,,
科特迪瓦,CIV,煤炭发电量（千瓦时）,EG.ELC.COAL.KH,,,,,,,,,,,,,,,,,,,0,0,0,0,0,0,0,0,0,0,0,0,0,0,0,0,0,0,0,0,0,0,0,0,0,0,0,0,0,0,0,0,0,0,,,
喀麦隆,CMR,煤炭发电量（千瓦时）,EG.ELC.COAL.KH,,,,,,,,,,,,,,,,,,,0,0,0,0,0,0,0,0,0,0,0,0,0,0,0,0,0,0,0,0,0,0,0,0,0,0,0,0,0,0,0,0,0,0,,,
刚果（布）,COG,煤炭发电量（千瓦时）,EG.ELC.COAL.KH,,,,,,,,,,,,,,,,,,,0,0,0,0,0,0,0,0,0,0,0,0,0,0,0,0,0,0,0,0,0,0,0,0,0,0,0,0,0,0,0,0,0,0,,,
哥伦比亚,COL,煤炭发电量（千瓦时）,EG.ELC.COAL.KH,,,,,,,,,,,,1342000000,1325000000,1447000000,1577000000,1341000000,1541000000,1557000000,1624000000,1575000000,1617000000,1723000000,1866000000,1589000000,2475000000,3139000000,3029000000,3056000000,3266000000,3529000000,3708000000,3803000000,4669000000,4350000000,3541000000,4273000000,1873000000,3063000000,2679000000,1955000000,2201000000,2362000000,2308000000,2928000000,1996000000,2469000000,2935000000,3478000000,3027000000,4165000000,3754000000,2142000000,,,
科摩罗,COM,煤炭发电量（千瓦时）,EG.ELC.COAL.KH,,,,,,,,,,,,,,,,,,,,,,,,,,,,,,,,,,,,,,,,,,,,,,,,,,,,,,,
佛得角,CPV,煤炭发电量（千瓦时）,EG.ELC.COAL.KH,,,,,,,,,,,,,,,,,,,,,,,,,,,,,,,,,,,,,,,,,,,,,,,,,,,,,,,
哥斯达黎加,CRI,煤炭发电量（千瓦时）,EG.ELC.COAL.KH,,,,,,,,,,,,,,,,,,,0,0,0,0,0,0,0,0,0,0,0,0,0,0,0,0,0,0,0,0,0,0,0,0,0,0,0,0,0,0,0,0,0,0,,,
加勒比小国,CSS,煤炭发电量（千瓦时）,EG.ELC.COAL.KH,,,,,,,,,,,,,,,,,,,0,0,0,0,0,0,0,0,0,0,0,0,0,0,0,0,0,0,0,0,0,0,0,0,0,0,0,0,0,0,0,0,0,0,,,
古巴,CUB,煤炭发电量（千瓦时）,EG.ELC.COAL.KH,,,,,,,,,,,,,,,,,,,0,0,0,0,0,0,0,0,0,0,0,0,0,0,0,0,0,0,0,0,0,0,0,0,0,0,0,0,0,0,0,0,0,0,,,
库拉索,CUW,煤炭发电量（千瓦时）,EG.ELC.COAL.KH,,,,,,,,,,,,,,,,,,,,,,,,,,,,,,,,,,,,,,,,,,,,,,,,,,,,,,,
开曼群岛,CYM,煤炭发电量（千瓦时）,EG.ELC.COAL.KH,,,,,,,,,,,,,,,,,,,,,,,,,,,,,,,,,,,,,,,,,,,,,,,,,,,,,,,
塞浦路斯,CYP,煤炭发电量（千瓦时）,EG.ELC.COAL.KH,,,,,,,,,,,,,,,,,,,0,0,0,0,0,0,0,0,0,0,0,0,0,0,0,0,0,0,0,0,0,0,0,0,0,0,0,0,0,0,0,0,0,0,,,
捷克共和国,CZE,煤炭发电量（千瓦时）,EG.ELC.COAL.KH,,,,,,,,,,,,30859000000,33686000000,35057000000,35232000000,37311000000,39160000000,41469000000,43931000000,41269000000,44626000000,44649000000,49334000000,51270000000,51193000000,49683000000,47617000000,43936000000,45413000000,46800000000,47600000000,46165000000,44494000000,43602000000,42657000000,44849000000,46850000000,47715000000,47542000000,46134000000,54777000000,54752000000,52085000000,53108000000,52824000000,52267000000,52255000000,56688000000,51724000000,48695000000,50161000000,49888000000,46766000000,,
德国,DEU,煤炭发电量（千瓦时）,EG.ELC.COAL.KH,1.03E+11,1.10E+11,1.19E+11,1.28E+11,1.38E+11,1.37E+11,1.36E+11,1.41E+11,1.54E+11,1.68E+11,2.30E+11,2.45E+11,2.50E+11,2.58E+11,2.62E+11,2.43E+11,2.78E+11,2.71E+11,2.81E+11,2.90E+11,2.94E+11,3.05E+11,3.10E+11,3.23E+11,3.29E+11,3.22E+11,3.25E+11,3.18E+11,3.21E+11,3.24E+11,3.22E+11,3.17E+11,3.05E+11,3.00E+11,2.97E+11,2.96E+11,3.03E+11,2.92E+11,2.99E+11,2.88E+11,3.04E+11,3.02E+11,3.07E+11,3.20E+11,3.05E+11,3.06E+11,3.02E+11,3.10E+11,2.91E+11,2.59E+11,2.74E+11,2.72E+11,2.86E+11,,
吉布提,DJI,煤炭发电量（千瓦时）,EG.ELC.COAL.KH,,,,,,,,,,,,,,,,,,,,,,,,,,,,,,,,,,,,,,,,,,,,,,,,,,,,,,,
多米尼克,DMA,煤炭发电量（千瓦时）,EG.ELC.COAL.KH,,,,,,,,,,,,,,,,,,,,,,,,,,,,,,,,,,,,,,,,,,,,,,,,,,,,,,,
丹麦,DNK,煤炭发电量（千瓦时）,EG.ELC.COAL.KH,3968000000,3714000000,4466000000,5095000000,5078000000,5050000000,5120000000,6231000000,7083000000,6822000000,6249000000,3463000000,3858000000,6845000000,5647000000,6383000000,9532000000,10594000000,11310000000,13956000000,21905000000,16995000000,21698000000,21066000000,21727000000,27268000000,28479000000,27669000000,25568000000,20430000000,23558000000,33445000000,26957000000,29327000000,33290000000,27356000000,39665000000,28756000000,23653000000,20081000000,16673000000,17819000000,18257000000,25307000000,18673000000,15463000000,24566000000,19891000000,17462000000,17687000000,16976000000,13966000000,10558000000,,
多米尼加共和国,DOM,煤炭发电量（千瓦时）,EG.ELC.COAL.KH,,,,,,,,,,,,,,,,,,,0,0,0,0,0,0,0,562000000,70000000,582000000,243000000,25000000,43000000,487000000,462000000,539000000,153000000,201000000,261000000,266000000,677000000,587000000,233000000,509000000,584000000,2651000000,1949000000,1194000000,1766000000,1826000000,1982000000,1939000000,1874000000,1992000000,,,
阿尔及利亚,DZA,煤炭发电量（千瓦时）,EG.ELC.COAL.KH,,,,,,,,,,,,,,,,,,,0,0,0,0,0,0,0,0,0,0,0,0,0,0,0,0,0,0,0,0,0,0,0,0,0,0,0,0,0,0,0,0,0,0,,,
东亚与太平洋,EAP,煤炭发电量（千瓦时）,EG.ELC.COAL.KH,,,,,,,,,,,,1.05E+11,1.05E+11,1.06E+11,1.06E+11,1.21E+11,1.15E+11,1.40E+11,1.71E+11,1.77E+11,1.77E+11,1.81E+11,1.97E+11,2.12E+11,2.40E+11,2.90E+11,3.32E+11,3.76E+11,4.12E+11,4.49E+11,4.85E+11,5.45E+11,6.12E+11,6.59E+11,7.40E+11,7.92E+11,8.80E+11,9.33E+11,9.50E+11,1.04E+12,1.15E+12,1.23E+12,1.39E+12,1.63E+12,1.84E+12,2.10E+12,2.45E+12,2.82E+12,2.91E+12,3.11E+12,3.45E+12,3.95E+12,,,
东亚与太平洋地区（所有收入水平）,EAS,煤炭发电量（千瓦时）,EG.ELC.COAL.KH,54169000000,55570000000,65402000000,74335000000,75525000000,77843000000,89994000000,1.10E+11,1.12E+11,1.05E+11,98469000000,1.91E+11,1.91E+11,1.96E+11,1.97E+11,2.18E+11,2.15E+11,2.51E+11,2.82E+11,2.96E+11,3.11E+11,3.24E+11,3.49E+11,3.90E+11,4.53E+11,5.27E+11,5.80E+11,6.44E+11,6.97E+11,7.50E+11,7.94E+11,8.72E+11,9.63E+11,1.04E+12,1.15E+12,1.23E+12,1.35E+12,1.43E+12,1.48E+12,1.60E+12,1.78E+12,1.91E+12,2.09E+12,2.37E+12,2.60E+12,2.90E+12,3.24E+12,3.66E+12,3.73E+12,3.94E+12,4.30E+12,4.79E+12,,,
欧洲和中亚,ECA,煤炭发电量（千瓦时）,EG.ELC.COAL.KH,1539000000,1467000000,2120000000,1524000000,2388000000,11170000000,11859000000,11694000000,11375000000,11372000000,12281000000,40247000000,42966000000,44032000000,43995000000,49181000000,46183000000,47107000000,50215000000,54289000000,56339000000,44686000000,47965000000,50688000000,53167000000,62219000000,70842000000,71314000000,65997000000,73510000000,3.00E+11,2.84E+11,2.76E+11,2.47E+11,2.34E+11,2.26E+11,2.09E+11,2.09E+11,2.02E+11,1.98E+11,2.09E+11,2.20E+11,2.13E+11,2.28E+11,2.23E+11,2.34E+11,2.58E+11,2.78E+11,2.97E+11,2.78E+11,2.89E+11,3.24E+11,,,
欧洲与中亚地区（所有收入水平）,ECS,煤炭发电量（千瓦时）,EG.ELC.COAL.KH,3.15E+11,3.39E+11,3.74E+11,3.88E+11,4.20E+11,4.32E+11,4.35E+11,4.62E+11,4.95E+11,5.24E+11,5.72E+11,6.48E+11,6.41E+11,6.88E+11,6.75E+11,6.93E+11,7.81E+11,7.88E+11,8.31E+11,8.73E+11,9.19E+11,9.01E+11,9.34E+11,9.59E+11,9.12E+11,9.78E+11,1.01E+12,1.02E+12,1.01E+12,1.04E+12,1.45E+12,1.44E+12,1.38E+12,1.30E+12,1.30E+12,1.30E+12,1.29E+12,1.24E+12,1.26E+12,1.22E+12,1.30E+12,1.30E+12,1.31E+12,1.38E+12,1.34E+12,1.35E+12,1.40E+12,1.41E+12,1.37E+12,1.23E+12,1.26E+12,1.31E+12,,,
厄瓜多尔,ECU,煤炭发电量（千瓦时）,EG.ELC.COAL.KH,,,,,,,,,,,,,,,,,,,0,0,0,0,0,0,0,0,0,0,0,0,0,0,0,0,0,0,0,0,0,0,0,0,0,0,0,0,0,0,0,0,0,0,,,
阿拉伯埃及共和国,EGY,煤炭发电量（千瓦时）,EG.ELC.COAL.KH,,,,,,,,,,,,,,,,,,,0,0,0,0,0,0,0,0,0,0,0,0,0,0,0,0,0,0,0,0,0,0,0,0,0,0,0,0,0,0,0,0,0,0,,,
欧洲货币联盟,EMU,煤炭发电量（千瓦时）,EG.ELC.COAL.KH,1.68E+11,1.84E+11,2.04E+11,2.06E+11,2.30E+11,2.28E+11,2.26E+11,2.47E+11,2.63E+11,2.77E+11,3.24E+11,3.46E+11,3.44E+11,3.48E+11,3.54E+11,3.39E+11,4.07E+11,4.03E+11,4.28E+11,4.50E+11,4.74E+11,4.79E+11,5.07E+11,5.21E+11,5.28E+11,5.27E+11,5.22E+11,5.26E+11,5.27E+11,5.57E+11,5.86E+11,5.78E+11,5.57E+11,5.32E+11,5.39E+11,5.53E+11,5.51E+11,5.42E+11,5.58E+11,5.50E+11,5.80E+11,5.70E+11,5.95E+11,6.17E+11,6.07E+11,5.98E+11,5.82E+11,5.96E+11,5.36E+11,4.81E+11,4.87E+11,4.98E+11,,,
厄立特里亚,ERI,煤炭发电量（千瓦时）,EG.ELC.COAL.KH,,,,,,,,,,,,,,,,,,,,,,,,,,,,,,,,,0,0,0,0,0,0,0,0,0,0,0,0,0,0,0,0,0,0,0,0,,,
西班牙,ESP,煤炭发电量（千瓦时）,EG.ELC.COAL.KH,2401000000,3773000000,4342000000,2625000000,5291000000,6307000000,5304000000,9389000000,10423000000,10202000000,12228000000,13387000000,15649000000,14276000000,12938000000,17008000000,15944000000,18308000000,20393000000,23254000000,32776000000,38004000000,44746000000,49229000000,49426000000,55414000000,55433000000,55457000000,43897000000,60539000000,60663000000,59715000000,65140000000,63388000000,62613000000,67079000000,54670000000,63976000000,63166000000,75436000000,80858000000,71734000000,82457000000,75955000000,80323000000,80767000000,67978000000,74085000000,49973000000,36938000000,26323000000,44927000000,55888000000,,
爱沙尼亚,EST,煤炭发电量（千瓦时）,EG.ELC.COAL.KH,,,,,,,,,,,,,,,,,,,,,,,,,,,,,,,14995000000,12644000000,10721000000,8222000000,8728000000,8403000000,8821000000,8854000000,8036000000,7723000000,7820000000,7816000000,8000000000,9608000000,9698000000,9504000000,9018000000,11645000000,9909000000,8023000000,11454000000,11335000000,10210000000,,
埃塞俄比亚,ETH,煤炭发电量（千瓦时）,EG.ELC.COAL.KH,,,,,,,,,,,,,,,,,,,0,0,0,0,0,0,0,0,0,0,0,0,0,0,0,0,0,0,0,0,0,0,0,0,0,0,0,0,0,0,0,0,0,0,,,
欧洲联盟,EUU,煤炭发电量（千瓦时）,EG.ELC.COAL.KH,3.13E+11,3.37E+11,3.72E+11,3.86E+11,4.18E+11,4.30E+11,4.32E+11,4.60E+11,4.92E+11,5.21E+11,5.69E+11,6.45E+11,6.38E+11,6.85E+11,6.71E+11,6.89E+11,7.77E+11,7.83E+11,8.25E+11,8.66E+11,9.13E+11,8.95E+11,9.28E+11,9.50E+11,9.01E+11,9.63E+11,9.89E+11,1.00E+12,9.97E+11,1.02E+12,1.05E+12,1.05E+12,9.99E+11,9.53E+11,9.55E+11,9.64E+11,9.74E+11,9.26E+11,9.37E+11,9.05E+11,9.61E+11,9.66E+11,9.78E+11,1.04E+12,1.01E+12,9.97E+11,1.01E+12,1.02E+12,9.32E+11,8.38E+11,8.55E+11,8.76E+11,,,
,FCS,煤炭发电量（千瓦时）,EG.ELC.COAL.KH,,,,,,,,,,,,1204000000,778000000,1706000000,667000000,840000000,796000000,483000000,731000000,720000000,562000000,430000000,560000000,726000000,1109000000,1970000000,2884000000,5277000000,5403000000,5277000000,15533000000,14469000000,8198000000,6371000000,6194000000,6248000000,7308000000,9249000000,9135000000,8721000000,11908000000,13937000000,14424000000,14254000000,15162000000,15806000000,15118000000,15489000000,17544000000,16528000000,16721000000,19299000000,,,
芬兰,FIN,煤炭发电量（千瓦时）,EG.ELC.COAL.KH,1933000000,1186000000,787000000,1216000000,1403000000,1394000000,1541000000,1218000000,2253000000,4530000000,4442000000,4032000000,4659000000,4874000000,5982000000,6319000000,9060000000,8330000000,12090000000,10782000000,12602000000,4147000000,4180000000,4375000000,5197000000,9185000000,8194000000,9710000000,10086000000,9152000000,10038000000,10220000000,8144000000,10455000000,14613000000,11651000000,15512000000,13171000000,8595000000,9621000000,9172000000,11259000000,13345000000,19941000000,17135000000,7187000000,17086000000,14640000000,9202000000,11595000000,15131000000,10305000000,7422000000,,
斐济,FJI,煤炭发电量（千瓦时）,EG.ELC.COAL.KH,,,,,,,,,,,,,,,,,,,,,,,,,,,,,,,,,,,,,,,,,,,,,,,,,,,,,,,
法国,FRA,煤炭发电量（千瓦时）,EG.ELC.COAL.KH,27373000000,31981000000,39025000000,35253000000,45368000000,42828000000,42294000000,49892000000,50255000000,52895000000,44858000000,45772000000,38636000000,35876000000,35504000000,37585000000,58393000000,57208000000,64402000000,71613000000,70378000000,59082000000,66743000000,60409000000,52646000000,45465000000,34742000000,31293000000,29222000000,36727000000,35423000000,43204000000,37732000000,24749000000,24143000000,26556000000,30966000000,25863000000,37312000000,33112000000,30860000000,23901000000,26991000000,29266000000,27235000000,30705000000,26404000000,28197000000,26434000000,24019000000,26315000000,17310000000,22659000000,,
法罗群岛,FRO,煤炭发电量（千瓦时）,EG.ELC.COAL.KH,,,,,,,,,,,,,,,,,,,,,,,,,,,,,,,,,,,,,,,,,,,,,,,,,,,,,,,
密克罗尼西亚联邦,FSM,煤炭发电量（千瓦时）,EG.ELC.COAL.KH,,,,,,,,,,,,,,,,,,,,,,,,,,,,,,,,,,,,,,,,,,,,,,,,,,,,,,,
加蓬,GAB,煤炭发电量（千瓦时）,EG.ELC.COAL.KH,,,,,,,,,,,,,,,,,,,0,0,0,0,0,0,0,0,0,0,0,0,0,0,0,0,0,0,0,0,0,0,0,0,0,0,0,0,0,0,0,0,0,0,,,
英国,GBR,煤炭发电量（千瓦时）,EG.ELC.COAL.KH,1.13E+11,1.18E+11,1.29E+11,1.39E+11,1.44E+11,1.46E+11,1.46E+11,1.47E+11,1.60E+11,1.71E+11,1.71E+11,1.64E+11,1.45E+11,1.75E+11,1.49E+11,1.69E+11,1.80E+11,1.83E+11,1.88E+11,2.03E+11,2.08E+11,2.07E+11,1.95E+11,1.95E+11,1.28E+11,1.78E+11,2.03E+11,2.11E+11,2.05E+11,2.02E+11,2.06E+11,2.11E+11,1.94E+11,1.71E+11,1.61E+11,1.55E+11,1.47E+11,1.22E+11,1.25E+11,1.08E+11,1.22E+11,1.33E+11,1.26E+11,1.40E+11,1.33E+11,1.36E+11,1.50E+11,1.37E+11,1.26E+11,1.04E+11,1.09E+11,1.10E+11,1.44E+11,,
格鲁吉亚,GEO,煤炭发电量（千瓦时）,EG.ELC.COAL.KH,,,,,,,,,,,,,,,,,,,,,,,,,,,,,,,0,0,0,0,0,0,0,0,0,0,0,0,0,0,0,0,0,0,0,0,0,0,,,
加纳,GHA,煤炭发电量（千瓦时）,EG.ELC.COAL.KH,,,,,,,,,,,,,,,,,,,0,0,0,0,0,0,0,0,0,0,0,0,0,0,0,0,0,0,0,0,0,0,0,0,0,0,0,0,0,0,0,0,0,0,,,
几内亚,GIN,煤炭发电量（千瓦时）,EG.ELC.COAL.KH,,,,,,,,,,,,,,,,,,,,,,,,,,,,,,,,,,,,,,,,,,,,,,,,,,,,,,,
冈比亚,GMB,煤炭发电量（千瓦时）,EG.ELC.COAL.KH,,,,,,,,,,,,,,,,,,,,,,,,,,,,,,,,,,,,,,,,,,,,,,,,,,,,,,,
几内亚比绍共和国,GNB,煤炭发电量（千瓦时）,EG.ELC.COAL.KH,,,,,,,,,,,,,,,,,,,,,,,,,,,,,,,,,,,,,,,,,,,,,,,,,,,,,,,
赤道几内亚,GNQ,煤炭发电量（千瓦时）,EG.ELC.COAL.KH,,,,,,,,,,,,,,,,,,,,,,,,,,,,,,,,,,,,,,,,,,,,,,,,,,,,,,,
希腊,GRC,煤炭发电量（千瓦时）,EG.ELC.COAL.KH,1222000000,1369000000,1249000000,1500000000,1961000000,2203000000,2464000000,2448000000,2805000000,3242000000,3763000000,4993000000,4919000000,5253000000,5718000000,7478000000,9908000000,11017000000,10186000000,10376000000,10159000000,12370000000,12647000000,14844000000,15063000000,17775000000,18810000000,20706000000,24386000000,25179000000,25166000000,23702000000,26612000000,27795000000,29578000000,28697000000,29298000000,30629000000,32442000000,32381000000,34313000000,35431000000,34566000000,35170000000,35380000000,35543000000,32264000000,34676000000,33356000000,34188000000,30797000000,31063000000,32102000000,,
格林纳达,GRD,煤炭发电量（千瓦时）,EG.ELC.COAL.KH,,,,,,,,,,,,,,,,,,,,,,,,,,,,,,,,,,,,,,,,,,,,,,,,,,,,,,,
格陵兰,GRL,煤炭发电量（千瓦时）,EG.ELC.COAL.KH,,,,,,,,,,,,,,,,,,,,,,,,,,,,,,,,,,,,,,,,,,,,,,,,,,,,,,,
危地马拉,GTM,煤炭发电量（千瓦时）,EG.ELC.COAL.KH,,,,,,,,,,,,,,,,,,,0,0,0,0,0,0,0,0,0,0,0,0,0,0,0,0,0,0,0,0,0,38000000,539000000,502000000,978000000,918000000,1066000000,1026000000,1074000000,1124000000,1131000000,737000000,1232000000,1176000000,,,
关岛,GUM,煤炭发电量（千瓦时）,EG.ELC.COAL.KH,,,,,,,,,,,,,,,,,,,,,,,,,,,,,,,,,,,,,,,,,,,,,,,,,,,,,,,
圭亚那,GUY,煤炭发电量（千瓦时）,EG.ELC.COAL.KH,,,,,,,,,,,,,,,,,,,,,,,,,,,,,,,,,,,,,,,,,,,,,,,,,,,,,,,
高收入国家,HIC,煤炭发电量（千瓦时）,EG.ELC.COAL.KH,8.02E+11,8.49E+11,9.27E+11,1.00E+12,1.07E+12,1.13E+12,1.19E+12,1.26E+12,1.36E+12,1.40E+12,1.45E+12,1.50E+12,1.55E+12,1.68E+12,1.62E+12,1.67E+12,1.86E+12,1.93E+12,1.96E+12,2.12E+12,2.30E+12,2.35E+12,2.39E+12,2.51E+12,2.60E+12,2.74E+12,2.75E+12,2.88E+12,2.98E+12,3.07E+12,3.26E+12,3.30E+12,3.30E+12,3.35E+12,3.40E+12,3.46E+12,3.60E+12,3.64E+12,3.73E+12,3.75E+12,4.00E+12,3.90E+12,4.00E+12,4.13E+12,4.12E+12,4.21E+12,4.22E+12,4.24E+12,4.19E+12,3.81E+12,3.95E+12,3.82E+12,,,
中国香港特别行政区,HKG,煤炭发电量（千瓦时）,EG.ELC.COAL.KH,,,,,,,,,,,,,,,,,,,0,0,0,0,3192000000,8837000000,12432000000,14982000000,18164000000,22583000000,25051000000,26556000000,28419000000,30676000000,33439000000,34147000000,26208000000,27174000000,23288000000,17226000000,20424000000,16549000000,18938000000,19909000000,21871000000,27578000000,25591000000,27030000000,26583000000,28523000000,25876000000,27403000000,23792000000,27781000000,,,
洪都拉斯,HND,煤炭发电量（千瓦时）,EG.ELC.COAL.KH,,,,,,,,,,,,,,,,,,,0,0,0,0,0,0,0,0,0,0,0,0,0,0,0,0,0,0,0,0,0,0,0,0,0,0,0,0,0,0,0,0,0,126000000,,,
重债穷国 (HIPC),HPC,煤炭发电量（千瓦时）,EG.ELC.COAL.KH,,,,,,,,,,,,247000000,203000000,226000000,214000000,229000000,129000000,121000000,93000000,45000000,144000000,141000000,118000000,140000000,129000000,144000000,106000000,118000000,133000000,139000000,102000000,121000000,90000000,89000000,83000000,87000000,84000000,65000000,70000000,70000000,81000000,105000000,120000000,89000000,98000000,57000000,31000000,37000000,21000000,1000000,62000000,186000000,,,
克罗地亚,HRV,煤炭发电量（千瓦时）,EG.ELC.COAL.KH,,,,,,,,,,,,,,,,,,,,,,,,,,,,,,,673000000,422000000,700000000,463000000,101000000,242000000,120000000,511000000,538000000,516000000,1551000000,1638000000,2109000000,2404000000,2139000000,2328000000,2257000000,2423000000,2495000000,1658000000,2385000000,2582000000,,,
海地,HTI,煤炭发电量（千瓦时）,EG.ELC.COAL.KH,,,,,,,,,,,,,,,,,,,0,0,0,0,0,0,0,0,0,0,0,0,0,0,0,0,0,0,0,0,0,0,0,0,0,0,0,0,0,0,0,0,0,0,,,
匈牙利,HUN,煤炭发电量（千瓦时）,EG.ELC.COAL.KH,,,,,,8950000000,9243000000,9572000000,9142000000,8973000000,9457000000,9799000000,10763000000,11647000000,11824000000,11562000000,12005000000,12171000000,12137000000,12072000000,12042000000,12245000000,12689000000,11813000000,11851000000,9601000000,10053000000,9921000000,9186000000,8659000000,8669000000,8142000000,9276000000,9170000000,8858000000,9230000000,9727000000,9512000000,9692000000,10306000000,9707000000,8923000000,9063000000,9254000000,8339000000,7146000000,7092000000,7487000000,7205000000,6415000000,6350000000,6573000000,6454000000,,
印度尼西亚,IDN,煤炭发电量（千瓦时）,EG.ELC.COAL.KH,,,,,,,,,,,,,,,,,,,0,0,0,0,0,0,0,339000000,4687000000,6337000000,6857000000,8251000000,9768000000,11046000000,11362000000,10681000000,12805000000,14367000000,17038000000,20816000000,24170000000,29365000000,34002000000,37713000000,42929000000,46459000000,48211000000,51793000000,58630000000,63817000000,61392000000,65890000000,68445000000,81000000000,,,
马恩岛,IMN,煤炭发电量（千瓦时）,EG.ELC.COAL.KH,,,,,,,,,,,,,,,,,,,,,,,,,,,,,,,,,,,,,,,,,,,,,,,,,,,,,,,
印度,IND,煤炭发电量（千瓦时）,EG.ELC.COAL.KH,,,,,,,,,,,,32590000000,36681000000,35958000000,41039000000,44111000000,51775000000,52427000000,53218000000,56271000000,61463000000,70746000000,80390000000,87030000000,99900000000,1.16E+11,1.30E+11,1.53E+11,1.65E+11,1.85E+11,1.92E+11,2.14E+11,2.29E+11,2.53E+11,2.64E+11,2.96E+11,3.07E+11,3.20E+11,3.31E+11,3.59E+11,3.87E+11,4.04E+11,4.23E+11,4.37E+11,4.59E+11,4.74E+11,5.10E+11,5.42E+11,5.84E+11,6.18E+11,6.44E+11,7.15E+11,,,
未分类国家,INX,煤炭发电量（千瓦时）,EG.ELC.COAL.KH,,,,,,,,,,,,,,,,,,,,,,,,,,,,,,,,,,,,,,,,,,,,,,,,,,,,,,,
爱尔兰,IRL,煤炭发电量（千瓦时）,EG.ELC.COAL.KH,106000000,89000000,126000000,63000000,35000000,72000000,109000000,79000000,102000000,214000000,72000000,73000000,70000000,72000000,71000000,74000000,75000000,51000000,50000000,71000000,73000000,43000000,63000000,74000000,74000000,106000000,1828000000,5057000000,5291000000,5944000000,5918000000,5853000000,6658000000,6618000000,6684000000,7018000000,6992000000,6787000000,6740000000,5832000000,6817000000,7062000000,6821000000,6203000000,6229000000,6389000000,5884000000,5499000000,5145000000,4003000000,4135000000,4700000000,5499000000,,
伊朗伊斯兰共和国,IRN,煤炭发电量（千瓦时）,EG.ELC.COAL.KH,,,,,,,,,,,,22000000,34000000,57000000,62000000,120000000,118000000,120000000,73000000,106000000,111000000,92000000,125000000,118000000,90000000,88000000,87000000,85000000,88000000,64000000,65000000,94000000,83000000,96000000,95000000,91000000,92000000,96000000,112000000,417000000,484000000,472000000,516000000,472000000,476000000,571000000,564000000,575000000,390000000,376000000,353000000,425000000,,,
伊拉克,IRQ,煤炭发电量（千瓦时）,EG.ELC.COAL.KH,,,,,,,,,,,,,,,,,,,0,0,0,0,0,0,0,0,0,0,0,0,0,0,0,0,0,0,0,0,0,0,0,0,0,0,0,0,0,0,0,0,0,0,,,
冰岛,ISL,煤炭发电量（千瓦时）,EG.ELC.COAL.KH,0,0,0,0,0,0,0,0,0,0,0,0,0,0,0,0,0,0,0,0,0,0,0,0,0,0,0,0,0,0,0,0,0,0,0,0,0,0,0,0,0,0,0,0,0,0,0,0,0,0,0,0,0,,
以色列,ISR,煤炭发电量（千瓦时）,EG.ELC.COAL.KH,,,,,,,,,,,,0,0,0,0,0,0,0,0,0,0,0,2475000000,4718000000,7329000000,8397000000,8899000000,9077000000,9039000000,9743000000,10468000000,11480000000,14633000000,16167000000,17226000000,19023000000,22543000000,24973000000,26602000000,26378000000,29352000000,33042000000,35227000000,36215000000,36611000000,36282000000,35835000000,37402000000,35378000000,34398000000,34289000000,35191000000,42451000000,,
意大利,ITA,煤炭发电量（千瓦时）,EG.ELC.COAL.KH,2138000000,4315000000,5106000000,3446000000,3733000000,4318000000,5078000000,8245000000,7042000000,7491000000,5714000000,5869000000,4651000000,5181000000,6619000000,5986000000,8129000000,8958000000,10277000000,15002000000,18250000000,20306000000,24103000000,24158000000,27689000000,30023000000,31004000000,33035000000,33897000000,32049000000,35762000000,32173000000,25005000000,20195000000,22944000000,27568000000,25323000000,24769000000,27827000000,28225000000,30524000000,36775000000,40468000000,44117000000,50877000000,49419000000,50438000000,49735000000,48591000000,43416000000,44434000000,50139000000,47118000000,,
牙买加,JAM,煤炭发电量（千瓦时）,EG.ELC.COAL.KH,,,,,,,,,,,,,,,,,,,0,0,0,0,0,0,0,0,0,0,0,0,0,0,0,0,0,0,0,0,0,0,0,0,0,0,0,0,0,0,0,0,0,0,,,
约旦,JOR,煤炭发电量（千瓦时）,EG.ELC.COAL.KH,,,,,,,,,,,,,,,,,,,0,0,0,0,0,0,0,0,0,0,0,0,0,0,0,0,0,0,0,0,0,0,0,0,0,0,0,0,0,0,0,0,0,0,,,
日本,JPN,煤炭发电量（千瓦时）,EG.ELC.COAL.KH,37200000000,37700000000,46400000000,53500000000,52600000000,53400000000,62000000000,80000000000,79900000000,69300000000,60100000000,45400000000,41600000000,37300000000,39761000000,42317000000,43770000000,47277000000,47398000000,50345000000,54935000000,62788000000,67281000000,78094000000,90640000000,99334000000,98068000000,1.08E+11,1.11E+11,1.18E+11,1.17E+11,1.25E+11,1.32E+11,1.41E+11,1.55E+11,1.69E+11,1.78E+11,1.91E+11,1.92E+11,2.12E+11,2.32E+11,2.48E+11,2.66E+11,2.82E+11,2.91E+11,3.03E+11,2.95E+11,3.09E+11,2.93E+11,2.80E+11,2.98E+11,2.81E+11,2.92E+11,,
哈萨克斯坦,KAZ,煤炭发电量（千瓦时）,EG.ELC.COAL.KH,,,,,,,,,,,,,,,,,,,,,,,,,,,,,,,62144000000,62534000000,59800000000,55320000000,47100000000,48016000000,42631000000,37455000000,35397000000,34221000000,35645000000,40301000000,40151000000,45827000000,50558000000,50107000000,49313000000,56228000000,61581000000,58090000000,66657000000,70220000000,,,
肯尼亚,KEN,煤炭发电量（千瓦时）,EG.ELC.COAL.KH,,,,,,,,,,,,,,,,,,,0,0,0,0,0,0,0,0,0,0,0,0,0,0,0,0,0,0,0,0,0,0,0,0,0,0,0,0,0,0,0,0,0,0,,,
吉尔吉斯斯坦,KGZ,煤炭发电量（千瓦时）,EG.ELC.COAL.KH,,,,,,,,,,,,,,,,,,,,,,,,,,,,,,,2056000000,1957000000,1077000000,973000000,683000000,678000000,827000000,899000000,877000000,541000000,641000000,619000000,568000000,509000000,524000000,594000000,563000000,575000000,457000000,341000000,515000000,482000000,,,
柬埔寨,KHM,煤炭发电量（千瓦时）,EG.ELC.COAL.KH,,,,,,,,,,,,,,,,,,,,,,,,,,,,,,,,,,,,0,0,0,0,0,0,0,0,0,0,0,0,0,0,28000000,31000000,34000000,,,
基里巴斯,KIR,煤炭发电量（千瓦时）,EG.ELC.COAL.KH,,,,,,,,,,,,,,,,,,,,,,,,,,,,,,,,,,,,,,,,,,,,,,,,,,,,,,,
圣基茨和尼维斯,KNA,煤炭发电量（千瓦时）,EG.ELC.COAL.KH,,,,,,,,,,,,,,,,,,,,,,,,,,,,,,,,,,,,,,,,,,,,,,,,,,,,,,,
大韩民国,KOR,煤炭发电量（千瓦时）,EG.ELC.COAL.KH,,,,,,,,,,,,724000000,812000000,1341000000,743000000,1312000000,1475000000,1390000000,929000000,1252000000,2481000000,2530000000,2612000000,4289000000,13383000000,17639000000,17420000000,14556000000,18640000000,17677000000,17661000000,16340000000,17278000000,31291000000,41957000000,49312000000,57400000000,69295000000,80322000000,84531000000,1.11E+11,1.23E+11,1.34E+11,1.34E+11,1.42E+11,1.49E+11,1.53E+11,1.71E+11,1.92E+11,2.09E+11,2.19E+11,2.25E+11,2.23E+11,,
科索沃,KOS,煤炭发电量（千瓦时）,EG.ELC.COAL.KH,,,,,,,,,,,,,,,,,,,,,,,,,,,,,,,,,,,,,,,,,2886000000,3664000000,3639000000,3552000000,3943000000,4319000000,4304000000,4710000000,5053000000,4841000000,4989000000,5675000000,,,
科威特,KWT,煤炭发电量（千瓦时）,EG.ELC.COAL.KH,,,,,,,,,,,,,,,,,,,0,0,0,0,0,0,0,0,0,0,0,0,0,0,0,0,0,0,0,0,0,0,0,0,0,0,0,0,0,0,0,0,0,0,,,
拉丁美洲&加勒比海地区,LAC,煤炭发电量（千瓦时）,EG.ELC.COAL.KH,,,,,,,,,,,,3935000000,4145000000,3684000000,3796000000,3813000000,3848000000,4073000000,5439000000,5295000000,5873000000,7155000000,8548000000,8857000000,11052000000,13106000000,16633000000,17416000000,17970000000,17896000000,16933000000,20102000000,20575000000,22581000000,25275000000,27307000000,28583000000,30836000000,30744000000,33497000000,35512000000,39826000000,41210000000,48505000000,42379000000,51462000000,51007000000,51484000000,42560000000,48947000000,54401000000,56332000000,,,
老挝,LAO,煤炭发电量（千瓦时）,EG.ELC.COAL.KH,,,,,,,,,,,,,,,,,,,,,,,,,,,,,,,,,,,,,,,,,,,,,,,,,,,,,,,
黎巴嫩,LBN,煤炭发电量（千瓦时）,EG.ELC.COAL.KH,,,,,,,,,,,,,,,,,,,0,0,0,0,0,0,0,0,0,0,0,0,0,0,0,0,0,0,0,0,0,0,0,0,0,0,0,0,0,0,0,0,0,0,,,
利比里亚,LBR,煤炭发电量（千瓦时）,EG.ELC.COAL.KH,,,,,,,,,,,,,,,,,,,,,,,,,,,,,,,,,,,,,,,,,,,,,,,,,,,,,,,
利比亚,LBY,煤炭发电量（千瓦时）,EG.ELC.COAL.KH,,,,,,,,,,,,,,,,,,,0,0,0,0,0,0,0,0,0,0,0,0,0,0,0,0,0,0,0,0,0,0,0,0,0,0,0,0,0,0,0,0,0,0,,,
圣卢西亚,LCA,煤炭发电量（千瓦时）,EG.ELC.COAL.KH,,,,,,,,,,,,,,,,,,,,,,,,,,,,,,,,,,,,,,,,,,,,,,,,,,,,,,,
拉丁美洲与加勒比海地区（所有收入水平）,LCN,煤炭发电量（千瓦时）,EG.ELC.COAL.KH,,,,,,,,,,,,5311000000,4999000000,4911000000,4857000000,4615000000,4837000000,5133000000,6640000000,6910000000,7763000000,9079000000,9690000000,10221000000,13152000000,14831000000,18218000000,18954000000,20987000000,23302000000,23458000000,24352000000,23176000000,25430000000,29968000000,33698000000,38082000000,40210000000,42086000000,46267000000,43979000000,44663000000,46262000000,53383000000,50097000000,58674000000,61606000000,64743000000,56672000000,63844000000,71267000000,75951000000,,,
最不发达国家：联合国分类,LDC,煤炭发电量（千瓦时）,EG.ELC.COAL.KH,,,,,,,,,,,,274000000,233000000,247000000,232000000,258000000,145000000,140000000,117000000,69000000,173000000,167000000,149000000,174000000,158000000,186000000,157000000,158000000,170000000,176000000,142000000,171000000,95000000,94000000,88000000,87000000,84000000,65000000,70000000,70000000,81000000,105000000,761000000,723000000,503000000,693000000,1093000000,1633000000,1673000000,1533000000,1493000000,1434000000,,,
低收入国家,LIC,煤炭发电量（千瓦时）,EG.ELC.COAL.KH,,,,,,,,,,,,6551000000,6193000000,7841000000,7441000000,8868000000,8780000000,9253000000,9771000000,10160000000,10816000000,11144000000,11527000000,12221000000,12104000000,14110000000,13957000000,16618000000,17168000000,18754000000,16190000000,17078000000,15518000000,14230000000,14777000000,14066000000,12996000000,12785000000,10473000000,11466000000,12205000000,13587000000,13652000000,12439000000,13166000000,14058000000,12998000000,11411000000,11950000000,11448000000,11254000000,11542000000,,,
列支敦士登,LIE,煤炭发电量（千瓦时）,EG.ELC.COAL.KH,,,,,,,,,,,,,,,,,,,,,,,,,,,,,,,,,,,,,,,,,,,,,,,,,,,,,,,
斯里兰卡,LKA,煤炭发电量（千瓦时）,EG.ELC.COAL.KH,,,,,,,,,,,,,,,,,,,0,0,0,0,0,0,0,0,0,0,0,0,0,0,0,0,0,0,0,0,0,0,0,0,0,0,0,0,0,0,0,0,0,1038000000,,,
中低等收入国家,LMC,煤炭发电量（千瓦时）,EG.ELC.COAL.KH,,,,,,,,,,,,34934000000,39433000000,38983000000,43947000000,47533000000,55612000000,56826000000,57451000000,59970000000,64180000000,73578000000,83483000000,90631000000,1.04E+11,1.26E+11,1.45E+11,1.70E+11,1.84E+11,2.04E+11,3.36E+11,3.51E+11,3.61E+11,3.67E+11,3.71E+11,3.98E+11,4.00E+11,4.20E+11,4.32E+11,4.69E+11,5.10E+11,5.39E+11,5.64E+11,5.83E+11,5.99E+11,6.27E+11,6.88E+11,7.29E+11,7.71E+11,8.04E+11,8.49E+11,9.44E+11,,,
中低收入国家,LMY,煤炭发电量（千瓦时）,EG.ELC.COAL.KH,1539000000,1467000000,2120000000,1524000000,2388000000,11170000000,11859000000,11694000000,11375000000,11372000000,12281000000,2.38E+11,2.49E+11,2.56E+11,2.65E+11,2.94E+11,2.97E+11,3.24E+11,3.65E+11,3.83E+11,4.01E+11,4.18E+11,4.54E+11,4.82E+11,5.38E+11,6.21E+11,6.91E+11,7.69E+11,8.13E+11,8.82E+11,1.16E+12,1.23E+12,1.30E+12,1.36E+12,1.44E+12,1.53E+12,1.62E+12,1.70E+12,1.72E+12,1.83E+12,1.99E+12,2.11E+12,2.29E+12,2.58E+12,2.81E+12,3.11E+12,3.52E+12,3.96E+12,4.09E+12,4.31E+12,4.69E+12,5.31E+12,,,
莱索托,LSO,煤炭发电量（千瓦时）,EG.ELC.COAL.KH,,,,,,,,,,,,,,,,,,,,,,,,,,,,,,,,,,,,,,,,,,,,,,,,,,,,,,,
立陶宛,LTU,煤炭发电量（千瓦时）,EG.ELC.COAL.KH,,,,,,,,,,,,,,,,,,,,,,,,,,,,,,,0,0,0,0,0,0,0,0,0,0,0,0,0,0,0,0,0,0,0,0,0,0,,,
卢森堡,LUX,煤炭发电量（千瓦时）,EG.ELC.COAL.KH,1432000000,1429000000,1332000000,1185000000,1218000000,1223000000,1119000000,1060000000,1084000000,1110000000,1014000000,842000000,766000000,820000000,714000000,492000000,372000000,376000000,422000000,428000000,474000000,420000000,308000000,276000000,362000000,375000000,385000000,348000000,384000000,444000000,477000000,525000000,472000000,503000000,385000000,189000000,133000000,84000000,0,0,0,0,0,0,0,0,0,0,0,0,0,0,0,,
拉脱维亚,LVA,煤炭发电量（千瓦时）,EG.ELC.COAL.KH,,,,,,,,,,,,,,,,,,,,,,,,,,,,,,,0,0,0,0,0,0,0,0,0,0,0,0,0,0,0,0,0,1000000,2000000,2000000,2000000,2000000,,,
中国澳门特别行政区,MAC,煤炭发电量（千瓦时）,EG.ELC.COAL.KH,,,,,,,,,,,,,,,,,,,,,,,,,,,,,,,,,,,,,,,,,,,,,,,,,,,,,,,
圣马丁（法属）,MAF,煤炭发电量（千瓦时）,EG.ELC.COAL.KH,,,,,,,,,,,,,,,,,,,,,,,,,,,,,,,,,,,,,,,,,,,,,,,,,,,,,,,
摩洛哥,MAR,煤炭发电量（千瓦时）,EG.ELC.COAL.KH,,,,,,,,,,,,307000000,666000000,791000000,883000000,1115000000,1154000000,1162000000,1217000000,907000000,1022000000,1196000000,1120000000,1364000000,1259000000,1144000000,2102000000,2748000000,2622000000,1978000000,2212000000,1816000000,1668000000,2535000000,2938000000,5968000000,5939000000,6403000000,7472000000,6908000000,8783000000,11639000000,11517000000,11751000000,12519000000,12731000000,12902000000,12457000000,11662000000,10863000000,10866000000,11679000000,,,
摩纳哥,MCO,煤炭发电量（千瓦时）,EG.ELC.COAL.KH,,,,,,,,,,,,,,,,,,,,,,,,,,,,,,,,,,,,,,,,,,,,,,,,,,,,,,,
摩尔多瓦,MDA,煤炭发电量（千瓦时）,EG.ELC.COAL.KH,,,,,,,,,,,,,,,,,,,,,,,,,,,,,,,4988000000,4587000000,3885000000,3959000000,3600000000,1913000000,1360000000,488000000,500000000,208000000,165000000,119000000,122000000,186000000,0,0,0,0,0,0,0,0,,,
马达加斯加,MDG,煤炭发电量（千瓦时）,EG.ELC.COAL.KH,,,,,,,,,,,,,,,,,,,,,,,,,,,,,,,,,,,,,,,,,,,,,,,,,,,,,,,
马尔代夫,MDV,煤炭发电量（千瓦时）,EG.ELC.COAL.KH,,,,,,,,,,,,,,,,,,,,,,,,,,,,,,,,,,,,,,,,,,,,,,,,,,,,,,,
中东与北非地区（所有收入水平）,MEA,煤炭发电量（千瓦时）,EG.ELC.COAL.KH,,,,,,,,,,,,329000000,700000000,848000000,945000000,1235000000,1272000000,1282000000,1290000000,1013000000,1133000000,1288000000,3752000000,6319000000,8824000000,9971000000,11335000000,12258000000,12186000000,12403000000,13360000000,13980000000,16944000000,19398000000,20618000000,25172000000,28574000000,31472000000,34186000000,33703000000,38619000000,45153000000,47260000000,48438000000,49606000000,49584000000,49301000000,50434000000,47430000000,45637000000,45508000000,47295000000,,,
墨西哥,MEX,煤炭发电量（千瓦时）,EG.ELC.COAL.KH,,,,,,,,,,,,160000000,223000000,207000000,223000000,195000000,180000000,189000000,0,0,0,33000000,1278000000,2424000000,3132000000,3852000000,6337000000,7289000000,8035000000,7890000000,7774000000,9213000000,9519000000,11522000000,14239000000,15432000000,18475000000,18333000000,18628000000,19112000000,19432000000,23631000000,26546000000,31218000000,24200000000,33055000000,31930000000,31785000000,21453000000,29549000000,32618000000,34132000000,34135000000,,
马绍尔群岛,MHL,煤炭发电量（千瓦时）,EG.ELC.COAL.KH,,,,,,,,,,,,,,,,,,,,,,,,,,,,,,,,,,,,,,,,,,,,,,,,,,,,,,,
中等收入国家,MIC,煤炭发电量（千瓦时）,EG.ELC.COAL.KH,1539000000,1467000000,2120000000,1524000000,2388000000,11170000000,11859000000,11694000000,11375000000,11372000000,12281000000,2.31E+11,2.43E+11,2.48E+11,2.58E+11,2.85E+11,2.88E+11,3.15E+11,3.55E+11,3.73E+11,3.90E+11,4.07E+11,4.43E+11,4.70E+11,5.26E+11,6.06E+11,6.77E+11,7.53E+11,7.96E+11,8.63E+11,1.14E+12,1.21E+12,1.29E+12,1.34E+12,1.43E+12,1.51E+12,1.61E+12,1.69E+12,1.70E+12,1.82E+12,1.98E+12,2.09E+12,2.28E+12,2.57E+12,2.80E+12,3.10E+12,3.51E+12,3.95E+12,4.08E+12,4.29E+12,4.68E+12,5.30E+12,,,
马其顿王国,MKD,煤炭发电量（千瓦时）,EG.ELC.COAL.KH,,,,,,,,,,,,,,,,,,,,,,,,,,,,,,,5163000000,4863000000,5158000000,4570000000,5208000000,5293000000,5724000000,5763000000,5906000000,5436000000,5209000000,5568000000,5119000000,5341000000,5160000000,5436000000,5108000000,5009000000,5289000000,5305000000,4743000000,5286000000,,,
马里,MLI,煤炭发电量（千瓦时）,EG.ELC.COAL.KH,,,,,,,,,,,,,,,,,,,,,,,,,,,,,,,,,,,,,,,,,,,,,,,,,,,,,,,
马耳他,MLT,煤炭发电量（千瓦时）,EG.ELC.COAL.KH,,,,,,,,,,,,,,,,,,,0,0,0,0,32000000,119000000,146000000,342000000,247000000,348000000,437000000,618000000,615000000,590000000,560000000,600000000,359000000,90000000,0,0,0,0,0,0,0,0,0,0,0,0,0,0,0,0,,,
缅甸,MMR,煤炭发电量（千瓦时）,EG.ELC.COAL.KH,,,,,,,,,,,,27000000,30000000,21000000,18000000,29000000,16000000,19000000,24000000,24000000,29000000,26000000,31000000,34000000,29000000,42000000,51000000,40000000,37000000,37000000,40000000,50000000,5000000,5000000,5000000,0,0,0,0,0,0,0,641000000,634000000,405000000,589000000,786000000,855000000,614000000,473000000,671000000,560000000,,,
中东&北非,MNA,煤炭发电量（千瓦时）,EG.ELC.COAL.KH,,,,,,,,,,,,329000000,700000000,848000000,945000000,1235000000,1272000000,1282000000,1290000000,1013000000,1133000000,1288000000,1245000000,1482000000,1349000000,1232000000,2189000000,2833000000,2710000000,2042000000,2277000000,1910000000,1751000000,2631000000,3033000000,6059000000,6031000000,6499000000,7584000000,7325000000,9267000000,12111000000,12033000000,12223000000,12995000000,13302000000,13466000000,13032000000,12052000000,11239000000,11219000000,12104000000,,,
黑山,MNE,煤炭发电量（千瓦时）,EG.ELC.COAL.KH,,,,,,,,,,,,,,,,,,,,,,,,,,,,,,,,,,,,,,,,,,,,,,998000000,1202000000,860000000,1289000000,689000000,1272000000,1452000000,,,
蒙古,MNG,煤炭发电量（千瓦时）,EG.ELC.COAL.KH,,,,,,,,,,,,,,,,,,,,,,,,,,2691000000,3047000000,3228000000,3408000000,3437000000,3207000000,3066000000,2826000000,2455000000,2608000000,2554000000,2538000000,2584000000,2604000000,2791000000,2912000000,2979000000,3090000000,3111000000,3278000000,3408000000,3535000000,3683000000,3985000000,4028000000,4302000000,4520000000,,,
北马里亚纳群岛,MNP,煤炭发电量（千瓦时）,EG.ELC.COAL.KH,,,,,,,,,,,,,,,,,,,,,,,,,,,,,,,,,,,,,,,,,,,,,,,,,,,,,,,
莫桑比克,MOZ,煤炭发电量（千瓦时）,EG.ELC.COAL.KH,,,,,,,,,,,,,,,,,,,0,0,81000000,93000000,82000000,96000000,81000000,108000000,70000000,82000000,97000000,99000000,63000000,79000000,49000000,16000000,0,0,0,0,0,0,0,0,0,0,0,0,0,0,0,0,0,0,,,
毛里塔尼亚,MRT,煤炭发电量（千瓦时）,EG.ELC.COAL.KH,,,,,,,,,,,,,,,,,,,,,,,,,,,,,,,,,,,,,,,,,,,,,,,,,,,,,,,
毛里求斯,MUS,煤炭发电量（千瓦时）,EG.ELC.COAL.KH,,,,,,,,,,,,,,,,,,,,,,,,,,,,,,,,,,,,,,,,,,,,,,,,,,,,,,,
马拉维,MWI,煤炭发电量（千瓦时）,EG.ELC.COAL.KH,,,,,,,,,,,,,,,,,,,,,,,,,,,,,,,,,,,,,,,,,,,,,,,,,,,,,,,
马来西亚,MYS,煤炭发电量（千瓦时）,EG.ELC.COAL.KH,,,,,,,,,,,,,,,,,,,0,0,0,0,0,0,0,0,0,0,257000000,2171000000,2932000000,3473000000,3491000000,3186000000,3334000000,3450000000,3425000000,3180000000,3475000000,4560000000,7691000000,8875000000,11262000000,14808000000,19218000000,19991000000,20721000000,27010000000,26180000000,33310000000,42839000000,52983000000,,,
北美,NAC,煤炭发电量（千瓦时）,EG.ELC.COAL.KH,4.35E+11,4.56E+11,4.90E+11,5.42E+11,5.79E+11,6.31E+11,6.76E+11,6.97E+11,7.60E+11,7.85E+11,7.91E+11,8.05E+11,8.67E+11,9.42E+11,8.99E+11,9.27E+11,1.03E+12,1.08E+12,1.07E+12,1.18E+12,1.30E+12,1.35E+12,1.34E+12,1.42E+12,1.52E+12,1.58E+12,1.55E+12,1.65E+12,1.74E+12,1.78E+12,1.78E+12,1.80E+12,1.83E+12,1.89E+12,1.90E+12,1.92E+12,2.02E+12,2.08E+12,2.11E+12,2.13E+12,2.25E+12,2.10E+12,2.16E+12,2.20E+12,2.19E+12,2.26E+12,2.24E+12,2.23E+12,2.24E+12,1.98E+12,2.08E+12,1.95E+12,,,
纳米比亚,NAM,煤炭发电量（千瓦时）,EG.ELC.COAL.KH,,,,,,,,,,,,,,,,,,,,,,,,,,,,,,,,21000000,14000000,173000000,181000000,25000000,21000000,15000000,15000000,11000000,5000000,6000000,0,12000000,1000000,28000000,97000000,121000000,167000000,78000000,55000000,20000000,,,
新喀里多尼亚,NCL,煤炭发电量（千瓦时）,EG.ELC.COAL.KH,,,,,,,,,,,,,,,,,,,,,,,,,,,,,,,,,,,,,,,,,,,,,,,,,,,,,,,
尼日尔,NER,煤炭发电量（千瓦时）,EG.ELC.COAL.KH,,,,,,,,,,,,,,,,,,,,,,,,,,,,,,,,,,,,,,,,,,,,,,,,,,,,,,,
尼日利亚,NGA,煤炭发电量（千瓦时）,EG.ELC.COAL.KH,,,,,,,,,,,,,1000000,,52000000,51000000,55000000,55000000,0,0,0,0,0,4000000,7000000,4000000,6000000,6000000,11000000,11000000,13000000,13000000,14000000,0,0,0,0,0,0,0,0,0,0,0,0,0,0,0,0,0,0,0,,,
尼加拉瓜,NIC,煤炭发电量（千瓦时）,EG.ELC.COAL.KH,,,,,,,,,,,,,,,,,,,0,0,0,0,0,0,0,0,0,0,0,0,0,0,0,0,0,0,0,0,0,0,0,0,0,0,0,0,0,0,0,0,0,0,,,
荷兰,NLD,煤炭发电量（千瓦时）,EG.ELC.COAL.KH,13162000000,13959000000,14698000000,14515000000,13722000000,13299000000,13858000000,15605000000,15679000000,11961000000,8093000000,5587000000,3668000000,3178000000,2965000000,2218000000,4871000000,6167000000,7046000000,5573000000,8874000000,10425000000,14572000000,15485000000,16948000000,17133000000,17427000000,19207000000,24859000000,24834000000,27520000000,25242000000,25216000000,24248000000,27363000000,30022000000,28453000000,27362000000,29572000000,25064000000,27110000000,28518000000,28985000000,29738000000,28133000000,26926000000,26506000000,28462000000,26797000000,26605000000,25798000000,24736000000,27264000000,,
高收入非经合组织国家,NOC,煤炭发电量（千瓦时）,EG.ELC.COAL.KH,,,,,,,,,,,,1941000000,2112000000,1440000000,2105000000,1642000000,1137000000,1611000000,1269000000,4126000000,5950000000,4666000000,7279000000,17696000000,25950000000,29985000000,38893000000,45593000000,49282000000,52805000000,2.09E+11,2.14E+11,2.24E+11,2.28E+11,2.36E+11,2.38E+11,2.44E+11,2.40E+11,2.53E+11,2.52E+11,2.83E+11,2.86E+11,2.98E+11,3.16E+11,3.06E+11,3.18E+11,3.34E+11,3.32E+11,3.50E+11,3.16E+11,3.17E+11,3.21E+11,,,
挪威,NOR,煤炭发电量（千瓦时）,EG.ELC.COAL.KH,0,0,0,0,0,0,0,0,0,0,0,16000000,18000000,22000000,25000000,22000000,23000000,30000000,26000000,22000000,13000000,14000000,14000000,44000000,47000000,39000000,42000000,42000000,48000000,49000000,82000000,87000000,94000000,89000000,99000000,85000000,91000000,80000000,79000000,83000000,72000000,95000000,133000000,130000000,106000000,132000000,137000000,137000000,133000000,98000000,105000000,119000000,129000000,,
尼泊尔,NPL,煤炭发电量（千瓦时）,EG.ELC.COAL.KH,,,,,,,,,,,,,,,,,,,0,0,0,0,0,0,0,0,0,0,0,0,0,0,0,0,0,0,0,0,0,0,0,0,0,0,0,0,0,0,0,0,0,0,,,
新西兰,NZL,煤炭发电量（千瓦时）,EG.ELC.COAL.KH,1006000000,1038000000,449000000,1156000000,803000000,770000000,738000000,353000000,449000000,1038000000,856000000,744000000,1201000000,1578000000,1229000000,1045000000,1175000000,928000000,643000000,350000000,428000000,287000000,486000000,633000000,990000000,795000000,467000000,583000000,502000000,453000000,664000000,482000000,1253000000,744000000,692000000,901000000,937000000,1642000000,1461000000,1796000000,1546000000,2119000000,2059000000,3967000000,4787000000,5865000000,5538000000,3162000000,4832000000,3298000000,2064000000,2167000000,3552000000,,
高收入经合组织国家,OEC,煤炭发电量（千瓦时）,EG.ELC.COAL.KH,8.02E+11,8.49E+11,9.27E+11,1.00E+12,1.07E+12,1.13E+12,1.19E+12,1.26E+12,1.36E+12,1.40E+12,1.45E+12,1.50E+12,1.55E+12,1.68E+12,1.62E+12,1.67E+12,1.86E+12,1.93E+12,1.96E+12,2.11E+12,2.29E+12,2.35E+12,2.38E+12,2.50E+12,2.57E+12,2.71E+12,2.71E+12,2.83E+12,2.93E+12,3.02E+12,3.05E+12,3.08E+12,3.08E+12,3.12E+12,3.16E+12,3.22E+12,3.35E+12,3.40E+12,3.48E+12,3.50E+12,3.72E+12,3.61E+12,3.70E+12,3.81E+12,3.81E+12,3.89E+12,3.88E+12,3.91E+12,3.84E+12,3.49E+12,3.63E+12,3.50E+12,,,
经合组织成员,OED,煤炭发电量（千瓦时）,EG.ELC.COAL.KH,8.04E+11,8.50E+11,9.29E+11,1.00E+12,1.07E+12,1.14E+12,1.20E+12,1.27E+12,1.37E+12,1.41E+12,1.46E+12,1.51E+12,1.56E+12,1.69E+12,1.64E+12,1.68E+12,1.88E+12,1.95E+12,1.98E+12,2.13E+12,2.31E+12,2.37E+12,2.40E+12,2.52E+12,2.60E+12,2.74E+12,2.75E+12,2.87E+12,2.96E+12,3.05E+12,3.09E+12,3.12E+12,3.12E+12,3.17E+12,3.22E+12,3.27E+12,3.41E+12,3.46E+12,3.55E+12,3.56E+12,3.79E+12,3.68E+12,3.77E+12,3.88E+12,3.88E+12,3.98E+12,3.97E+12,4.01E+12,3.93E+12,3.59E+12,3.73E+12,3.61E+12,,,
阿曼,OMN,煤炭发电量（千瓦时）,EG.ELC.COAL.KH,,,,,,,,,,,,,,,,,,,0,0,0,0,0,0,0,0,0,0,0,0,0,0,0,0,0,0,0,0,0,0,0,0,0,0,0,0,0,0,0,0,0,0,,,
其他小国,OSS,煤炭发电量（千瓦时）,EG.ELC.COAL.KH,,,,,,,,,,,,,,,,,,,0,0,0,419000000,428000000,398000000,422000000,464000000,547000000,856000000,683000000,737000000,798000000,923000000,1108000000,1261000000,1239000000,1045000000,760000000,758000000,1119000000,1112000000,925000000,992000000,867000000,707000000,737000000,1887000000,2159000000,1701000000,2087000000,1317000000,1784000000,1844000000,,,
巴基斯坦,PAK,煤炭发电量（千瓦时）,EG.ELC.COAL.KH,,,,,,,,,,,,92000000,92000000,66000000,94000000,75000000,64000000,78000000,43000000,36000000,30000000,43000000,3000000,42000000,34000000,47000000,40000000,25000000,27000000,24000000,38000000,27000000,44000000,45000000,40000000,440000000,375000000,406000000,501000000,410000000,241000000,285000000,231000000,198000000,175000000,129000000,136000000,136000000,113000000,116000000,88000000,96000000,,,
巴拿马,PAN,煤炭发电量（千瓦时）,EG.ELC.COAL.KH,,,,,,,,,,,,,,,,,,,0,0,0,0,0,0,0,0,0,0,0,0,0,0,0,0,0,0,0,0,0,0,0,0,0,0,0,0,0,0,0,0,0,510000000,,,
秘鲁,PER,煤炭发电量（千瓦时）,EG.ELC.COAL.KH,,,,,,,,,,,,,,,,,,,0,0,0,0,0,0,0,0,0,0,0,0,0,0,0,0,0,0,0,0,0,0,347000000,310000000,784000000,767000000,916000000,804000000,816000000,845000000,877000000,784000000,888000000,637000000,,,
菲律宾,PHL,煤炭发电量（千瓦时）,EG.ELC.COAL.KH,,,,,,,,,,,,12000000,12000000,12000000,15000000,24000000,35000000,110000000,80000000,111000000,181000000,128000000,433000000,568000000,1083000000,3347000000,2643000000,2246000000,2582000000,2413000000,1934000000,1942000000,1791000000,2015000000,1348000000,2109000000,4855000000,7363000000,9388000000,11183000000,16663000000,18789000000,16128000000,14939000000,16194000000,15257000000,15294000000,16837000000,15749000000,16476000000,23301000000,25342000000,,,
帕劳,PLW,煤炭发电量（千瓦时）,EG.ELC.COAL.KH,,,,,,,,,,,,,,,,,,,,,,,,,,,,,,,,,,,,,,,,,,,,,,,,,,,,,,,
巴布亚新几内亚,PNG,煤炭发电量（千瓦时）,EG.ELC.COAL.KH,,,,,,,,,,,,,,,,,,,,,,,,,,,,,,,,,,,,,,,,,,,,,,,,,,,,,,,
波兰,POL,煤炭发电量（千瓦时）,EG.ELC.COAL.KH,28539000000,31130000000,33910000000,35512000000,38813000000,42224000000,45902000000,49756000000,53429000000,57045000000,59071000000,63914000000,70226000000,78788000000,86185000000,91623000000,98756000000,1.04E+11,1.09E+11,1.11E+11,1.15E+11,1.09E+11,1.12E+11,1.20E+11,1.29E+11,1.32E+11,1.34E+11,1.40E+11,1.38E+11,1.40E+11,1.31E+11,1.29E+11,1.27E+11,1.28E+11,1.29E+11,1.33E+11,1.37E+11,1.36E+11,1.36E+11,1.35E+11,1.38E+11,1.37E+11,1.35E+11,1.43E+11,1.43E+11,1.43E+11,1.49E+11,1.46E+11,1.40E+11,1.35E+11,1.38E+11,1.41E+11,1.36E+11,,
波多黎各,PRI,煤炭发电量（千瓦时）,EG.ELC.COAL.KH,,,,,,,,,,,,,,,,,,,,,,,,,,,,,,,,,,,,,,,,,,,,,,,,,,,,,,,
朝鲜民主主义人民共和国,PRK,煤炭发电量（千瓦时）,EG.ELC.COAL.KH,,,,,,,,,,,,5347000000,5415000000,6135000000,6774000000,8028000000,7984000000,8770000000,9040000000,9440000000,10173000000,10621000000,10885000000,11399000000,10914000000,12032000000,11003000000,11259000000,11668000000,13378000000,11094000000,11177000000,10388000000,8771000000,9268000000,8465000000,7769000000,7569000000,5769000000,7269000000,8403000000,8589000000,8143000000,8292000000,8478000000,8946000000,9177000000,7482000000,8357000000,8033000000,7696000000,7850000000,,,
葡萄牙,PRT,煤炭发电量（千瓦时）,EG.ELC.COAL.KH,36000000,69000000,261000000,209000000,497000000,386000000,77000000,100000000,496000000,156000000,367000000,281000000,220000000,386000000,342000000,297000000,296000000,202000000,233000000,366000000,349000000,334000000,248000000,229000000,121000000,966000000,3334000000,5177000000,6032000000,7339000000,9104000000,9811000000,10256000000,11458000000,11647000000,13456000000,12593000000,13041000000,12055000000,15131000000,14688000000,13622000000,15212000000,14527000000,14858000000,15226000000,14958000000,12398000000,11196000000,12896000000,7100000000,9848000000,13143000000,,
巴拉圭,PRY,煤炭发电量（千瓦时）,EG.ELC.COAL.KH,,,,,,,,,,,,,,,,,,,0,0,0,0,0,0,0,0,0,0,0,0,0,0,0,0,0,0,0,0,0,0,0,0,0,0,0,0,0,0,0,0,0,0,,,
太平洋岛国,PSS,煤炭发电量（千瓦时）,EG.ELC.COAL.KH,,,,,,,,,,,,,,,,,,,,,,,,,,,,,,,,,,,,,,,,,,,,,,,,,,,,,,,
法属波利尼西亚,PYF,煤炭发电量（千瓦时）,EG.ELC.COAL.KH,,,,,,,,,,,,,,,,,,,,,,,,,,,,,,,,,,,,,,,,,,,,,,,,,,,,,,,
卡塔尔,QAT,煤炭发电量（千瓦时）,EG.ELC.COAL.KH,,,,,,,,,,,,,,,,,,,0,0,0,0,0,0,0,0,0,0,0,0,0,0,0,0,0,0,0,0,0,0,0,0,0,0,0,0,0,0,0,0,0,0,,,
罗马尼亚,ROU,煤炭发电量（千瓦时）,EG.ELC.COAL.KH,,,,,,,,,,,,10338000000,11156000000,12174000000,12300000000,17134000000,15211000000,16072000000,18065000000,20484000000,21215000000,9374000000,9804000000,11078000000,10846000000,22416000000,23746000000,24540000000,27856000000,27620000000,18502000000,15613000000,18522000000,19208000000,19738000000,20800000000,20793000000,17281000000,14994000000,14930000000,19300000000,20019000000,20629000000,23643000000,21773000000,22138000000,25268000000,25305000000,25882000000,21773000000,20742000000,24803000000,,,
俄罗斯联邦,RUS,煤炭发电量（千瓦时）,EG.ELC.COAL.KH,,,,,,,,,,,,,,,,,,,,,,,,,,,,,,,1.55E+11,1.53E+11,1.51E+11,1.48E+11,1.61E+11,1.59E+11,1.59E+11,1.56E+11,1.61E+11,1.60E+11,1.74E+11,1.68E+11,1.69E+11,1.71E+11,1.60E+11,1.65E+11,1.78E+11,1.69E+11,1.96E+11,1.64E+11,1.66E+11,1.64E+11,,,
卢旺达,RWA,煤炭发电量（千瓦时）,EG.ELC.COAL.KH,,,,,,,,,,,,,,,,,,,,,,,,,,,,,,,,,,,,,,,,,,,,,,,,,,,,,,,
南亚,SAS,煤炭发电量（千瓦时）,EG.ELC.COAL.KH,,,,,,,,,,,,32682000000,36773000000,36024000000,41133000000,44186000000,51839000000,52505000000,53261000000,56307000000,61493000000,70789000000,80393000000,87072000000,99934000000,1.16E+11,1.30E+11,1.53E+11,1.65E+11,1.85E+11,1.92E+11,2.14E+11,2.29E+11,2.53E+11,2.64E+11,2.96E+11,3.07E+11,3.21E+11,3.31E+11,3.59E+11,3.87E+11,4.04E+11,4.23E+11,4.38E+11,4.59E+11,4.74E+11,5.11E+11,5.43E+11,5.85E+11,6.19E+11,6.45E+11,7.17E+11,,,
沙特阿拉伯,SAU,煤炭发电量（千瓦时）,EG.ELC.COAL.KH,,,,,,,,,,,,,,,,,,,0,0,0,0,0,0,0,0,0,0,0,0,0,0,0,0,0,0,0,0,0,0,0,0,0,0,0,0,0,0,0,0,0,0,,,
苏丹,SDN,煤炭发电量（千瓦时）,EG.ELC.COAL.KH,,,,,,,,,,,,,,,,,,,0,0,0,0,0,0,0,0,0,0,0,0,0,0,0,0,0,0,0,0,0,0,0,0,0,0,0,0,0,0,0,0,0,0,,,
塞内加尔,SEN,煤炭发电量（千瓦时）,EG.ELC.COAL.KH,,,,,,,,,,,,,,,,,,,0,0,0,0,0,0,0,0,0,0,0,0,0,0,0,0,0,0,0,0,0,0,0,0,0,0,0,0,0,0,0,0,0,0,,,
新加坡,SGP,煤炭发电量（千瓦时）,EG.ELC.COAL.KH,,,,,,,,,,,,,,,,,,,0,0,0,0,0,0,0,0,0,0,0,0,0,0,0,0,0,0,0,0,0,0,0,0,0,0,0,0,0,0,0,0,0,0,,,
所罗门群岛,SLB,煤炭发电量（千瓦时）,EG.ELC.COAL.KH,,,,,,,,,,,,,,,,,,,,,,,,,,,,,,,,,,,,,,,,,,,,,,,,,,,,,,,
塞拉利昂,SLE,煤炭发电量（千瓦时）,EG.ELC.COAL.KH,,,,,,,,,,,,,,,,,,,,,,,,,,,,,,,,,,,,,,,,,,,,,,,,,,,,,,,
萨尔瓦多,SLV,煤炭发电量（千瓦时）,EG.ELC.COAL.KH,,,,,,,,,,,,,,,,,,,0,0,0,0,0,0,0,0,0,0,0,0,0,0,0,0,0,0,0,0,0,0,0,0,0,0,0,0,0,0,0,0,0,0,,,
圣马力诺,SMR,煤炭发电量（千瓦时）,EG.ELC.COAL.KH,,,,,,,,,,,,,,,,,,,,,,,,,,,,,,,,,,,,,,,,,,,,,,,,,,,,,,,
索马里,SOM,煤炭发电量（千瓦时）,EG.ELC.COAL.KH,,,,,,,,,,,,,,,,,,,,,,,,,,,,,,,,,,,,,,,,,,,,,,,,,,,,,,,
塞尔维亚,SRB,煤炭发电量（千瓦时）,EG.ELC.COAL.KH,,,,,,,,,,,,,,,,,,,,,,,,,,,,,,,28278000000,24906000000,23932000000,21229000000,21354000000,21681000000,19900000000,23560000000,24079000000,18960000000,21433000000,21859000000,22559000000,24710000000,25736000000,23442000000,25073000000,25604000000,26680000000,26902000000,25094000000,28785000000,,,
撒哈拉以南非洲,SSA,煤炭发电量（千瓦时）,EG.ELC.COAL.KH,,,,,,,,,,,,55959000000,59636000000,65316000000,69425000000,74865000000,78417000000,79006000000,83376000000,89328000000,98602000000,1.13E+11,1.19E+11,1.22E+11,1.32E+11,1.38E+11,1.39E+11,1.49E+11,1.49E+11,1.55E+11,1.62E+11,1.62E+11,1.63E+11,1.73E+11,1.76E+11,1.80E+11,1.92E+11,1.99E+11,1.93E+11,1.92E+11,1.98E+11,2.01E+11,2.10E+11,2.22E+11,2.31E+11,2.34E+11,2.41E+11,2.50E+11,2.44E+11,2.35E+11,2.44E+11,2.46E+11,,,
南苏丹,SSD,煤炭发电量（千瓦时）,EG.ELC.COAL.KH,,,,,,,,,,,,,,,,,,,,,,,,,,,,,,,,,,,,,,,,,,,,,,,,,,,,,,,
撒哈拉以南非洲地区（所有收入水平）,SSF,煤炭发电量（千瓦时）,EG.ELC.COAL.KH,,,,,,,,,,,,55959000000,59636000000,65316000000,69425000000,74865000000,78417000000,79006000000,83376000000,89328000000,98602000000,1.13E+11,1.19E+11,1.22E+11,1.32E+11,1.38E+11,1.39E+11,1.49E+11,1.49E+11,1.55E+11,1.62E+11,1.62E+11,1.63E+11,1.73E+11,1.76E+11,1.80E+11,1.92E+11,1.99E+11,1.93E+11,1.92E+11,1.98E+11,2.01E+11,2.10E+11,2.22E+11,2.31E+11,2.34E+11,2.41E+11,2.50E+11,2.44E+11,2.35E+11,2.44E+11,2.46E+11,,,
小国,SST,煤炭发电量（千瓦时）,EG.ELC.COAL.KH,,,,,,,,,,,,,,,,,,,0,0,0,419000000,428000000,398000000,422000000,464000000,547000000,856000000,683000000,737000000,798000000,923000000,1108000000,1261000000,1239000000,1045000000,760000000,758000000,1119000000,1112000000,925000000,992000000,867000000,707000000,737000000,1887000000,2159000000,1701000000,2087000000,1317000000,1784000000,1844000000,,,
圣多美和普林西比,STP,煤炭发电量（千瓦时）,EG.ELC.COAL.KH,,,,,,,,,,,,,,,,,,,,,,,,,,,,,,,,,,,,,,,,,,,,,,,,,,,,,,,
苏里南,SUR,煤炭发电量（千瓦时）,EG.ELC.COAL.KH,,,,,,,,,,,,,,,,,,,,,,,,,,,,,,,,,,,,,,,,,,,,,,,,,,,,,,,
斯洛伐克共和国,SVK,煤炭发电量（千瓦时）,EG.ELC.COAL.KH,,,,,,,,,,,,7208000000,7923000000,7920000000,6581000000,7017000000,7522000000,6677000000,6306000000,5502000000,7560000000,7456000000,7082000000,7780000000,8251000000,8153000000,7811000000,7714000000,7742000000,7761000000,8123000000,6551000000,7799000000,6353000000,5364000000,6990000000,6418000000,6865000000,6477000000,7091000000,6111000000,6257000000,5598000000,6403000000,6115000000,5980000000,5729000000,5223000000,5149000000,4276000000,4080000000,4038000000,3765000000,,
斯洛文尼亚,SVN,煤炭发电量（千瓦时）,EG.ELC.COAL.KH,,,,,,,,,,,,,,,,,,,,,,,,,,,,,,,3890000000,3622000000,4639000000,4692000000,4614000000,4604000000,4464000000,4706000000,4984000000,4480000000,4611000000,4919000000,5302000000,5108000000,5191000000,5271000000,5436000000,5482000000,5323000000,5132000000,5288000000,5307000000,5145000000,,
瑞典,SWE,煤炭发电量（千瓦时）,EG.ELC.COAL.KH,376000000,61000000,11000000,44000000,0,14000000,62000000,31000000,0,0,167000000,203000000,286000000,501000000,447000000,310000000,127000000,201000000,127000000,210000000,185000000,188000000,399000000,686000000,1026000000,1979000000,2205000000,2117000000,2035000000,1511000000,1533000000,2451000000,2559000000,2778000000,3145000000,2940000000,4312000000,2743000000,2991000000,3141000000,2466000000,3199000000,3633000000,4165000000,1821000000,1405000000,1537000000,1350000000,1619000000,890000000,1927000000,1391000000,1563000000,,
斯威士兰,SWZ,煤炭发电量（千瓦时）,EG.ELC.COAL.KH,,,,,,,,,,,,,,,,,,,,,,,,,,,,,,,,,,,,,,,,,,,,,,,,,,,,,,,
圣马丁(荷属),SXM,煤炭发电量（千瓦时）,EG.ELC.COAL.KH,,,,,,,,,,,,,,,,,,,,,,,,,,,,,,,,,,,,,,,,,,,,,,,,,,,,,,,
塞舌尔,SYC,煤炭发电量（千瓦时）,EG.ELC.COAL.KH,,,,,,,,,,,,,,,,,,,,,,,,,,,,,,,,,,,,,,,,,,,,,,,,,,,,,,,
阿拉伯叙利亚共和国,SYR,煤炭发电量（千瓦时）,EG.ELC.COAL.KH,,,,,,,,,,,,,,,,,,,0,0,0,0,0,0,0,0,0,0,0,0,0,0,0,0,0,0,0,0,0,0,0,0,0,0,0,0,0,0,0,0,0,0,,,
特克斯科斯群岛,TCA,煤炭发电量（千瓦时）,EG.ELC.COAL.KH,,,,,,,,,,,,,,,,,,,,,,,,,,,,,,,,,,,,,,,,,,,,,,,,,,,,,,,
乍得,TCD,煤炭发电量（千瓦时）,EG.ELC.COAL.KH,,,,,,,,,,,,,,,,,,,,,,,,,,,,,,,,,,,,,,,,,,,,,,,,,,,,,,,
多哥,TGO,煤炭发电量（千瓦时）,EG.ELC.COAL.KH,,,,,,,,,,,,,,,,,,,0,0,0,0,0,0,0,0,0,0,0,0,0,0,0,0,0,0,0,0,0,0,0,0,0,0,0,0,0,0,0,0,0,0,,,
泰国,THA,煤炭发电量（千瓦时）,EG.ELC.COAL.KH,,,,,,,,,,,,310000000,268000000,244000000,345000000,342000000,387000000,345000000,489000000,1273000000,1410000000,1675000000,1859000000,1804000000,2317000000,5313000000,5545000000,6698000000,6800000000,7879000000,11053000000,13037000000,14815000000,13504000000,14131000000,14780000000,17708000000,19152000000,16644000000,16384000000,17773000000,19868000000,18837000000,19369000000,20605000000,20522000000,25309000000,30768000000,31772000000,30034000000,30047000000,34809000000,,,
塔吉克斯坦,TJK,煤炭发电量（千瓦时）,EG.ELC.COAL.KH,,,,,,,,,,,,,,,,,,,,,,,,,,,,,,,0,0,0,0,0,0,0,0,0,0,0,0,0,0,0,0,0,0,0,0,0,0,,,
土库曼斯坦,TKM,煤炭发电量（千瓦时）,EG.ELC.COAL.KH,,,,,,,,,,,,,,,,,,,,,,,,,,,,,,,0,0,0,0,0,0,0,0,0,0,0,0,0,0,0,0,0,0,0,0,0,0,,,
东帝汶,TLS,煤炭发电量（千瓦时）,EG.ELC.COAL.KH,,,,,,,,,,,,,,,,,,,,,,,,,,,,,,,,,,,,,,,,,,,,,,,,,,,,,,,
汤加,TON,煤炭发电量（千瓦时）,EG.ELC.COAL.KH,,,,,,,,,,,,,,,,,,,,,,,,,,,,,,,,,,,,,,,,,,,,,,,,,,,,,,,
特立尼达和多巴哥,TTO,煤炭发电量（千瓦时）,EG.ELC.COAL.KH,,,,,,,,,,,,,,,,,,,0,0,0,0,0,0,0,0,0,0,0,0,0,0,0,0,0,0,0,0,0,0,0,0,0,0,0,0,0,0,0,0,0,0,,,
突尼斯,TUN,煤炭发电量（千瓦时）,EG.ELC.COAL.KH,,,,,,,,,,,,,,,,,,,0,0,0,0,0,0,0,0,0,0,0,0,0,0,0,0,0,0,0,0,0,0,0,0,0,0,0,0,0,0,0,0,0,0,,,
土耳其,TUR,煤炭发电量（千瓦时）,EG.ELC.COAL.KH,1539000000,1467000000,2120000000,1524000000,2388000000,2220000000,2616000000,2122000000,2233000000,2399000000,2824000000,2981000000,2921000000,3244000000,3871000000,4113000000,4327000000,4892000000,5569000000,6438000000,5960000000,6137000000,6441000000,8578000000,10118000000,15028000000,19436000000,17653000000,12486000000,20270000000,20181000000,21561000000,24571000000,23761000000,28235000000,28047000000,30413000000,33860000000,35688000000,37031000000,38187000000,38416000000,32149000000,32252000000,34448000000,43192000000,46650000000,53431000000,57716000000,55684000000,55047000000,66217000000,68013000000,,
图瓦卢,TUV,煤炭发电量（千瓦时）,EG.ELC.COAL.KH,,,,,,,,,,,,,,,,,,,,,,,,,,,,,,,,,,,,,,,,,,,,,,,,,,,,,,,
坦桑尼亚,TZA,煤炭发电量（千瓦时）,EG.ELC.COAL.KH,,,,,,,,,,,,,,,,,,,0,0,0,0,0,0,0,0,0,0,0,0,0,0,0,32000000,64000000,75000000,67000000,41000000,47000000,56000000,67000000,90000000,105000000,73000000,86000000,41000000,24000000,36000000,20000000,0,62000000,60000000,,,
乌干达,UGA,煤炭发电量（千瓦时）,EG.ELC.COAL.KH,,,,,,,,,,,,,,,,,,,,,,,,,,,,,,,,,,,,,,,,,,,,,,,,,,,,,,,
乌克兰,UKR,煤炭发电量（千瓦时）,EG.ELC.COAL.KH,,,,,,,,,,,,,,,,,,,,,,,,,,,,,,,1.14E+11,1.07E+11,1.06E+11,87602000000,77088000000,70228000000,56354000000,55193000000,50220000000,53871000000,51514000000,53168000000,54629000000,54643000000,45128000000,50013000000,64942000000,67101000000,70629000000,65195000000,69516000000,74494000000,,,
中高等收入国家,UMC,煤炭发电量（千瓦时）,EG.ELC.COAL.KH,1539000000,1467000000,2120000000,1524000000,2388000000,11170000000,11859000000,11694000000,11375000000,11372000000,12281000000,1.97E+11,2.04E+11,2.09E+11,2.14E+11,2.38E+11,2.32E+11,2.58E+11,2.97E+11,3.13E+11,3.26E+11,3.33E+11,3.59E+11,3.79E+11,4.22E+11,4.81E+11,5.32E+11,5.82E+11,6.12E+11,6.59E+11,8.05E+11,8.60E+11,9.26E+11,9.76E+11,1.06E+12,1.12E+12,1.21E+12,1.27E+12,1.27E+12,1.35E+12,1.47E+12,1.56E+12,1.71E+12,1.99E+12,2.20E+12,2.47E+12,2.82E+12,3.22E+12,3.30E+12,3.49E+12,3.83E+12,4.35E+12,,,
乌拉圭,URY,煤炭发电量（千瓦时）,EG.ELC.COAL.KH,,,,,,,,,,,,,,,,,,,0,0,0,0,0,0,0,0,0,0,0,0,0,0,0,0,0,0,0,0,0,0,0,0,0,0,0,0,0,0,0,0,0,0,,,
美国,USA,煤炭发电量（千瓦时）,EG.ELC.COAL.KH,4.31E+11,4.51E+11,4.81E+11,5.28E+11,5.63E+11,6.11E+11,6.56E+11,6.74E+11,7.33E+11,7.55E+11,7.53E+11,7.63E+11,8.25E+11,9.07E+11,8.65E+11,8.91E+11,9.87E+11,1.03E+12,1.02E+12,1.12E+12,1.24E+12,1.29E+12,1.28E+12,1.35E+12,1.44E+12,1.50E+12,1.48E+12,1.57E+12,1.65E+12,1.69E+12,1.70E+12,1.71E+12,1.74E+12,1.81E+12,1.81E+12,1.83E+12,1.93E+12,1.98E+12,2.01E+12,2.02E+12,2.13E+12,1.98E+12,2.04E+12,2.08E+12,2.09E+12,2.15E+12,2.13E+12,2.12E+12,2.13E+12,1.89E+12,1.99E+12,1.88E+12,1.64E+12,,
乌兹别克斯坦,UZB,煤炭发电量（千瓦时）,EG.ELC.COAL.KH,,,,,,,,,,,,,,,,,,,,,,,,,,,,,,,4159000000,4000000000,2490000000,3186000000,3972000000,1639000000,1827000000,1881000000,1875000000,1854000000,1915000000,1940000000,2014000000,2018000000,2043000000,2009000000,2081000000,2000000000,2018000000,2041000000,2113000000,2140000000,,,
圣文森特和格林纳丁斯,VCT,煤炭发电量（千瓦时）,EG.ELC.COAL.KH,,,,,,,,,,,,,,,,,,,,,,,,,,,,,,,,,,,,,,,,,,,,,,,,,,,,,,,
委内瑞拉玻利瓦尔共和国,VEN,煤炭发电量（千瓦时）,EG.ELC.COAL.KH,,,,,,,,,,,,,,,,,,,0,0,0,0,0,0,0,0,0,0,0,0,0,0,0,0,0,0,0,0,0,0,0,0,0,0,0,0,0,0,0,0,0,0,,,
美属维京群岛,VIR,煤炭发电量（千瓦时）,EG.ELC.COAL.KH,,,,,,,,,,,,,,,,,,,,,,,,,,,,,,,,,,,,,,,,,,,,,,,,,,,,,,,
越南,VNM,煤炭发电量（千瓦时）,EG.ELC.COAL.KH,,,,,,,,,,,,1686000000,1778000000,1930000000,1650000000,1928000000,2400000000,2873000000,2800000000,2600000000,1421000000,1417000000,1501000000,1579000000,2016000000,2304000000,2657000000,3065000000,3440000000,2726000000,2001000000,1366000000,851000000,637000000,1071000000,2023000000,2376000000,3325000000,3480000000,2915000000,3135000000,3218000000,4878000000,7237000000,7173000000,12173000000,14112000000,14618000000,14721000000,14975000000,19687000000,20920000000,,,
瓦努阿图,VUT,煤炭发电量（千瓦时）,EG.ELC.COAL.KH,,,,,,,,,,,,,,,,,,,,,,,,,,,,,,,,,,,,,,,,,,,,,,,,,,,,,,,
约旦河西岸和加沙,PSE,煤炭发电量（千瓦时）,EG.ELC.COAL.KH,,,,,,,,,,,,,,,,,,,,,,,,,,,,,,,,,,,,,,,,,,,,,,,,,,,,,,,
世界,WLD,煤炭发电量（千瓦时）,EG.ELC.COAL.KH,8.04E+11,8.50E+11,9.29E+11,1.00E+12,1.07E+12,1.14E+12,1.20E+12,1.27E+12,1.37E+12,1.41E+12,1.46E+12,1.74E+12,1.80E+12,1.93E+12,1.89E+12,1.96E+12,2.16E+12,2.26E+12,2.33E+12,2.50E+12,2.70E+12,2.77E+12,2.84E+12,3.00E+12,3.14E+12,3.36E+12,3.44E+12,3.65E+12,3.79E+12,3.95E+12,4.42E+12,4.52E+12,4.61E+12,4.71E+12,4.84E+12,4.98E+12,5.22E+12,5.34E+12,5.45E+12,5.58E+12,5.99E+12,6.01E+12,6.29E+12,6.71E+12,6.93E+12,7.32E+12,7.74E+12,8.21E+12,8.28E+12,8.12E+12,8.64E+12,9.13E+12,,,
萨摩亚,WSM,煤炭发电量（千瓦时）,EG.ELC.COAL.KH,,,,,,,,,,,,,,,,,,,,,,,,,,,,,,,,,,,,,,,,,,,,,,,,,,,,,,,
也门共和国,YEM,煤炭发电量（千瓦时）,EG.ELC.COAL.KH,,,,,,,,,,,,,,,,,,,0,0,0,0,0,0,0,0,0,0,0,0,0,0,0,0,0,0,0,0,0,0,0,0,0,0,0,0,0,0,0,0,0,0,,,
南非,ZAF,煤炭发电量（千瓦时）,EG.ELC.COAL.KH,,,,,,,,,,,,54535000000,58684000000,63405000000,68510000000,73774000000,77453000000,78366000000,82576000000,88587000000,97925000000,1.12E+11,1.18E+11,1.20E+11,1.31E+11,1.35E+11,1.36E+11,1.43E+11,1.43E+11,1.48E+11,1.56E+11,1.55E+11,1.57E+11,1.66E+11,1.69E+11,1.73E+11,1.86E+11,1.93E+11,1.88E+11,1.87E+11,1.93E+11,1.95E+11,2.04E+11,2.18E+11,2.26E+11,2.29E+11,2.38E+11,2.47E+11,2.41E+11,2.32E+11,2.42E+11,2.43E+11,,,
刚果（金）,COD,煤炭发电量（千瓦时）,EG.ELC.COAL.KH,,,,,,,,,,,,,,,,,,,0,0,0,0,0,0,0,0,0,0,0,0,0,0,0,0,0,0,0,0,0,0,0,0,0,0,0,0,0,0,0,0,0,0,,,
赞比亚,ZMB,煤炭发电量（千瓦时）,EG.ELC.COAL.KH,,,,,,,,,,,,247000000,203000000,226000000,214000000,229000000,129000000,121000000,93000000,45000000,63000000,48000000,36000000,44000000,48000000,36000000,36000000,36000000,36000000,40000000,39000000,42000000,41000000,41000000,19000000,12000000,17000000,24000000,23000000,14000000,14000000,15000000,15000000,16000000,12000000,16000000,7000000,1000000,1000000,1000000,0,0,,,
津巴布韦,ZWE,煤炭发电量（千瓦时）,EG.ELC.COAL.KH,,,,,,,,,,,,1177000000,748000000,1685000000,649000000,811000000,780000000,464000000,707000000,696000000,533000000,404000000,529000000,692000000,1080000000,1928000000,2833000000,5237000000,5366000000,5240000000,4993000000,5772000000,5076000000,5406000000,5440000000,5526000000,5160000000,5175000000,4657000000,4141000000,3735000000,4908000000,4763000000,3440000000,4197000000,4435000000,2735000000,2297000000,1921000000,1883000000,2065000000,2258000000,,,
